NO;JENIS;IMPORTER;BRAND;MODEL;CC;TRANS;FUEL;TANK;GVW;GEAR RATIO;WHEEL & TYRE SIZE;PS/HP;WHEEL BASE;DIMENSION;SEATER;DRIVE SYS;DRIVE SYS2;SPEED;DOOR;WHEELS;CBU/CKD/COMP;ORIGIN COUNTRY;JANUARY;FEBRUARY;MARCH;APRIL;MAY;JUNE
1;CBU IMPORT;PT. HONDA PROSPECT MOTOR;HONDA;ALL NEW CITY;1500;CVT;G;40;-;-;16 x 6J;120;2600;4442 x 1694 x 1477;-;4X2;FF;-;4;4;CBU;Thailand;-;-;-;-;-;-
2;CBU IMPORT;PT. HONDA PROSPECT MOTOR;HONDA;ALL NEW CIVIC;1500;CVT;G;0;-;-;-;-;-;-;-;0;-;-;-;-;CBU;Thailand;-;-;-;-;-;-
3;CBU IMPORT;PT. HONDA PROSPECT MOTOR;HONDA;NEW CIVIC;1,5;CVT;HYBRID;0;-;-;-;-;-;-;-;0;-;-;-;-;CBU;Thailand;-;-;-;-;30;60
4;CBU IMPORT;PT. HONDA PROSPECT MOTOR;HONDA;CIVIC TYPE R;2000;MT;G;0;-;-;-;-;-;-;-;4X2;-;-;5;4;CBU;UK;-;-;1;-;-;-
5;CBU IMPORT;PT. HONDA PROSPECT MOTOR;HONDA;New ACCORD VTi-L;1500;CVT;G;56;1560;-;-;190;2830;4894 x 1862 x 1450;-;4X2;FF;-;4;4;CBU;Thailand;-;-;-;-;-;-
6;CBU IMPORT;PT. HONDA PROSPECT MOTOR;HONDA;New ACCORD HEV;2000;CVT;HYBRID;-;-;-;-;207;2830;4962 x 1862 x 1449;-;4X2;FF;-;4;4;CBU;Thailand;-;-;-;-;-;-
7;CBU IMPORT;PT. HONDA PROSPECT MOTOR;HONDA;E:N1;0;CVT;BEV;0;-;-;-;204;2610;4380 X 1790 X 1592;-;4X2;-;-;4;4;CBU;China;-;-;60;-;-;60
8;CBU IMPORT;PT. HONDA PROSPECT MOTOR;HONDA;All New CR-V 1.5 T;1500;CVT;G;0;-;-;19 x 7,5J;190;2701;4691 x 1866 x 1681;-;4X2;FF;-;5;4;CBU;-;30;30;30;-;90;-
9;CBU IMPORT;PT. HONDA PROSPECT MOTOR;HONDA;All New CR-V 2.0 e:HEV;2000;CVT;HYBRID;58;-;-;18 x 7,5J;155;2660;4586 x 1855 x 1679;-;4X2;FF;-;5;4;CBU;-;-;-;-;-;90;-
10;CBU IMPORT;PT. TOYOTA ASTRA MOTOR;TOYOTA;Vios 1.5 G Cvt Fmc;1496;CVT;G;40;1080;5;205/50 R17;109 / 6000;2620;4410X1740X1480;5;4X2;FF;5;4;4;CBU;Thailand;17;27;2;1;21;3
11;CBU IMPORT;PT. TOYOTA ASTRA MOTOR;TOYOTA;All New Corolla Altis 1.8 V AT 2023;1798;AT;G;50;1270;5;225/45 R17;151 / 6400;2700;4630X1780X1435;5;4X2;FF;6;4;4;CBU;Thailand;-;1;2;3;7;4
12;CBU IMPORT;PT. TOYOTA ASTRA MOTOR;TOYOTA;All New Corolla Altis 1.8 Hev Cvt 2023;1798;CVT;HYBRID;43;1270;5;225/45 R17;151 / 6400;2700;4630X1780X1455;5;4X2;FF;6;4;4;CBU;Thailand;-;1;1;1;4;6
13;CBU IMPORT;PT. TOYOTA ASTRA MOTOR;TOYOTA;Prius 1.8 Hev 2023;1798;CVT;HYBRID;45;1420;3267;195/65 R15;73 / 5200;2700;4460X1745X1480;5;4X2;FF;5;4;4;CBU;Japan;-;-;-;-;-;-
14;CBU IMPORT;PT. TOYOTA ASTRA MOTOR;TOYOTA;All New Camry 2.5 V 2021;2494;AT;G;70;1465;3815;235/45 R17;181 / 6000;2775;4885X1840X1445;5;4X2;FF;5;4;4;CBU;Thailand;-;1;-;-;-;-
15;CBU IMPORT;PT. TOYOTA ASTRA MOTOR;TOYOTA;All New Camry 2.5 Hev 2021;2494;AT;HYBRID;70;1465;3815;235/45 R17;181 / 6000;2775;4885X1840X1445;5;4X2;FF;5;4;4;CBU;Thailand;-;5;8;25;40;24
16;CBU IMPORT;PT. TOYOTA ASTRA MOTOR;TOYOTA;GR 86 AT;2387;AT;G;50;-;-;215/40 R18;147 / 6.800;2575;4265X1775X1310;5;4X2;RR;6;4;4;CBU;Japan;-;1;-;-;-;1
17;CBU IMPORT;PT. TOYOTA ASTRA MOTOR;TOYOTA;GR 86 AT;2387;AT;G;50;-;-;215/40 R18;147 / 6.800;2575;4265X1775X1310;5;4X2;RR;6;4;4;CBU;Japan;-;5;-;1;1;5
18;CBU IMPORT;PT. TOYOTA ASTRA MOTOR;TOYOTA;GR Supra 3.0 AT;2998;AT;G;50;-;-;255/35 R19;-;2470;4380X1855X1299;2;4X2;RR;8;2;4;CBU;Japan;1;-;1;2;-;-
19;CBU IMPORT;PT. TOYOTA ASTRA MOTOR;TOYOTA;Voxy 2.0 Cvt;1986;CVT;G;52;2205;-;205/55 R17;158 / 6200;2850;4695X1730X1855;7;4X2;FF;5;5;4;CBU;Japan;-;272;164;313;5;-
20;CBU IMPORT;PT. TOYOTA ASTRA MOTOR;TOYOTA;Alphard 2.5 G Cvt;2494;CVT;G;65;1920;5791;225/55 R19;170 / 6000;3000;5010X1850X1945;7;4X2;FF;5;5;4;CBU;Japan;-;192;86;75;46;40
21;CBU IMPORT;PT. TOYOTA ASTRA MOTOR;TOYOTA;Alphard 2.5 Hev Cvt;2487;CVT;HYBRID;65;1920;5791;225/65 R18;170 / 6000;3000;5010X1850X1945;7;4X2;FF;5;5;4;CBU;Japan;329;442;432;201;111;132
22;CBU IMPORT;PT. TOYOTA ASTRA MOTOR;TOYOTA;Vellfire 2.5 G Cvt;2494;CVT;G;65;1905;5791;235/50 R18;170 / 6000;3000;5010X1850X1945;7;4X2;FF;5;5;4;CBU;Japan;37;136;59;100;29;12
23;CBU IMPORT;PT. TOYOTA ASTRA MOTOR;TOYOTA;Vellfire 2.5 Vip Hev Cvt;2494;CVT;HYBRID;65;1905;5791;225/60 R17;170 / 6000;3000;5010X1850X1945;7;4X2;FF;5;5;4;CBU;Japan;-;-;-;-;-;-
24;CBU IMPORT;PT. TOYOTA ASTRA MOTOR;TOYOTA;Corolla Cross 1.8 AT Hev;1798;AT;HYBRID;36;-;-;225/50 R18;-;2640;4460X1825X1620;5;4X2;FF;7;5;4;CBU;Thailand;-;7;15;5;9;8
25;CBU IMPORT;PT. TOYOTA ASTRA MOTOR;TOYOTA;Corolla Cross 1.8 AT Hev Gr Sport;1798;AT;HYBRID;36;-;-;225/50 R18;-;2640;4460X1825X1620;5;4X2;FF;7;5;4;CBU;Thailand;-;5;11;11;5;3
26;CBU IMPORT;PT. TOYOTA ASTRA MOTOR;TOYOTA;Land Cruiser 300 Gr-S;3346;AT;D;110;-;-;265/55 R18;305 / 4000;2850;4965X1990X1945;7;4X2;AWD;-;5;4;CBU;Japan;16;42;61;7;18;34
27;CBU IMPORT;PT. TOYOTA ASTRA MOTOR;TOYOTA;Land Cruiser 300 Vx-R;3346;AT;D;110;-;-;265/55 R20;305 / 4000;2850;4985X1980X1945;7;4X2;AWD;-;5;4;CBU;Japan;12;39;37;7;21;44
28;CBU IMPORT;PT. TOYOTA ASTRA MOTOR;TOYOTA;Bz4X Ev;0;AT;BEV;-;-;-;235/60 R18;-;2850;4690X1860X1600;5;4X2;FF;-;4;4;CBU;Japan;-;-;-;1;-;2
29;CBU IMPORT;PT. TOYOTA ASTRA MOTOR;TOYOTA;Gr Yaris 1.6;1618;MT;G;42;1075;4237;225/40R18;261 / 6500;2560;3,995X1,805X1,455;5;4X2;FF;4;5;4;CBU;Japan;-;-;1;1;-;-
30;CBU IMPORT;PT. TOYOTA ASTRA MOTOR;TOYOTA;Gr Yaris 1.6 AT;1618;AT;G;42;1075;4237;225/40R18;261 / 6500;2560;3,995X1,805X1,455;5;4X2;FF;4;5;4;CBU;Japan;-;6;6;2;1;1
31;CBU IMPORT;PT. TOYOTA ASTRA MOTOR;TOYOTA;Hi-Ace Commuter Hi Grade;2494;MT;D;70;2145;-;195/R15;102 / 3600;3110;5380X1880X2285;16;4X2;RR;5;4;4;CBU;Thailand;305;1117;44;82;186;236
32;CBU IMPORT;PT. TOYOTA ASTRA MOTOR;TOYOTA;Hi-Ace 2.8 Premio;2755;MT;D;70;2145;-;195/R15;102 / 3600;3110;5380X1880X2285;16;4X2;RR;5;4;4;CBU;Thailand;78;352;353;272;66;315
33;CBU IMPORT;PT. TOYOTA ASTRA MOTOR;TOYOTA;Hilux 2.0 PU Scab;1998;M/T;D;65;1265;-;205 / 70 R15;136 / 5600;2750;4800X1760X1680;2;4X2;RR;5;2;4;CBU;Thailand;-;-;-;-;-;-
34;CBU IMPORT;PT. TOYOTA ASTRA MOTOR;TOYOTA;Hilux 2.4 PU Scab;2394;M/T;D;65;1490;-;255 / 70 R15C;102 / 3600;2750;4800X1760X1680;2;4X2;RR;5;2;4;CBU;Thailand;-;-;-;-;-;-
35;CBU IMPORT;PT. TOYOTA ASTRA MOTOR;TOYOTA;Hilux 2.4 PU Scab 4X4;2394;M/T;D;70;1880;-;255 / 70 R15C;144 / 3400;3085;5260X1835X1850;4;4X4;RR;5;4;4;CBU;Thailand;144;145;94;90;122;135
36;CBU IMPORT;PT. TOYOTA ASTRA MOTOR;TOYOTA;Hilux 2.4 PU Dcab E 4X4;2394;M/T;D;70;1880;-;255 / 70 R15C;144 / 3400;3085;5260X1835X1850;4;4X4;RR;5;4;4;CBU;Thailand;83;138;133;87;122;95
37;CBU IMPORT;PT. TOYOTA ASTRA MOTOR;TOYOTA;Hilux 2.4 PU Dcab G 4X4;2394;M/T;D;70;1880;-;255 / 70 R15C;144 / 3400;3085;5260X1835X1850;4;4X4;RR;5;4;4;CBU;Thailand;457;780;937;783;517;613
38;CBU IMPORT;PT. TOYOTA ASTRA MOTOR;TOYOTA;Hilux 2.4 PU Dcab V 4X4;2394;M/T;D;70;1880;-;255 / 70 R15C;144 / 3400;3085;5260X1835X1850;4;4X4;RR;5;4;4;CBU;Thailand;182;249;215;221;221;233
39;CBU IMPORT;PT. TOYOTA ASTRA MOTOR;TOYOTA;Hi-Lux Rangga Mb Cab-Chassis 2.0 Std;1998;M/T;G;-;-;-;195R14C;-;2750;4970X1785X1740;2;4X2;RR;5;2;4;CBU;Thailand;1;3;2;1;2;2
40;CBU IMPORT;PT. TOYOTA ASTRA MOTOR;TOYOTA;Hi-Lux Rangga PU Cab-Chassis 2.0 Std;1998;M/T;G;-;-;-;195R14C;-;2750;4970X1785X1740;2;4X2;RR;5;2;4;CBU;Thailand;6;13;7;8;17;1
41;CBU IMPORT;PT. TOYOTA ASTRA MOTOR;TOYOTA;Hi-Lux Rangga PU 2.0 Std;1998;M/T;G;-;-;-;195R14C;-;2750;4970X1785X1740;2;4X2;RR;5;2;4;CBU;Thailand;133;144;146;234;194;134
42;CBU IMPORT;PT. TOYOTA ASTRA MOTOR;TOYOTA;Hi-Lux Rangga PU 2.0 High;1998;M/T;G;-;-;-;215 / 65 R16C;-;2750;4970X1785X1740;2;4X2;RR;5;2;4;CBU;Thailand;22;97;190;37;71;60
43;CBU IMPORT;PT. TOYOTA ASTRA MOTOR;TOYOTA;Hi-Lux Rangga PU Cab-Chassis 2.4 Dsl Std;2393;M/T;D;-;-;-;195R14C;-;2750;4970X1785X1740;2;4X2;RR;5;2;4;CBU;Thailand;18;10;5;2;6;4
44;CBU IMPORT;PT. TOYOTA ASTRA MOTOR;TOYOTA;Hi-Lux Rangga PU Dsl 2.4 Std;2393;M/T;D;-;-;-;195R14C;-;2750;4970X1785X1740;2;4X2;RR;5;2;4;CBU;Thailand;104;39;1;23;68;35
45;CBU IMPORT;PT. TOYOTA ASTRA MOTOR;TOYOTA;Hi-Lux Rangga PU Cab-Chassis 2.4 Dsl High AT;2393;A/T;D;-;-;-;215 / 65 R16C;-;2750;4970X1785X1740;2;4X2;RR;5;2;4;CBU;Thailand;-;-;-;2;2;1
46;CBU IMPORT;PT. TOYOTA ASTRA MOTOR;TOYOTA;Hi-Lux Rangga PU 2.4 Dsl High;2393;M/T;D;-;-;-;215 / 65 R16C;-;2750;4970X1785X1740;2;4X2;RR;5;2;4;CBU;Thailand;8;48;73;25;19;8
47;CBU IMPORT;PT. TOYOTA ASTRA MOTOR;TOYOTA;Hi-Lux Rangga PU 2.4 Dsl High AT;2393;A/T;D;-;-;-;215 / 65 R16C;-;2750;4970X1785X1740;2;4X2;RR;5;2;4;CBU;Thailand;38;60;9;32;28;20
48;CBU IMPORT;PT. TOYOTA ASTRA MOTOR;TOYOTA;Hi-Lux Rangga Mb Cab-Chassis 2.4 Dsl Std;2393;M/T;D;-;-;-;195R14C;-;2750;4970X1785X1740;2;4X2;RR;5;2;4;CBU;Thailand;2;9;11;7;5;1
49;CBU IMPORT;PT. TOYOTA ASTRA MOTOR;TOYOTA;Hi-Lux Rangga Mb Cab-Chassis 2.4 Dsl High AT;2393;A/T;D;-;-;-;215 / 65 R16C;-;2750;4970X1785X1740;2;4X2;RR;5;2;4;CBU;Thailand;-;-;-;-;10;5
50;CBU IMPORT;PT. TOYOTA ASTRA MOTOR;LEXUS;ES 300h;2494;AT;HYBRID;65;1740;-;215 / 55 R17;202 / 5700;2820;4975X1865X1445;5;4X2;FF;-;4;4;CBU;Japan;-;4;5;5;1;5
51;CBU IMPORT;PT. TOYOTA ASTRA MOTOR;LEXUS;LC 500h;3456;AT;HYBRID;66;2870;-;275 / 35 R21;471 / 7100;2870;4770X1920X1345;4;4X2;FF;-;2;4;CBU;Japan;-;-;1;-;-;-
52;CBU IMPORT;PT. TOYOTA ASTRA MOTOR;LEXUS;LM 350h 4 Seater;2487;CVT;HYBRID;60;2305;-;225 / 55 R19;297/6600;3000;5125X1890X1940;4;4X2;FF;8;4;4;CBU;Japan;-;1;10;5;10;28
53;CBU IMPORT;PT. TOYOTA ASTRA MOTOR;LEXUS;LM 350h 7 Seater;2487;CVT;HYBRID;60;2295;-;225 / 55 R19;297/6600;3000;5125X1890X1940;7;4X2;FF;8;4;4;CBU;Japan;32;86;168;150;136;240
54;CBU IMPORT;PT. TOYOTA ASTRA MOTOR;LEXUS;LM 500h 4 Seater;2393;AT;HEV;60;2905;-;-;271/6000;3000;5125X1890X1940;4;4X4;AWD;-;4;4;CBU;Japan;-;-;2;2;2;3
55;CBU IMPORT;PT. TOYOTA ASTRA MOTOR;LEXUS;LBX Luxury 1.5 CVT HEV;1490;CVT;HYBRID;-;1755;-;225 / 55 R18;-;2580;4190X1825X1550;5;4X2;FF;-;4;4;CBU;Japan;-;3;6;7;3;2
56;CBU IMPORT;PT. TOYOTA ASTRA MOTOR;LEXUS;LBX Sport 1.5 CVT HEV;1490;CVT;HYBRID;-;1755;-;225 / 55 R18;-;2580;4190X1825X1550;5;4X2;FF;-;4;4;CBU;Japan;-;2;-;-;2;2
57;CBU IMPORT;PT. TOYOTA ASTRA MOTOR;LEXUS;NX 350h;2487;AT;HYBRID;60;1810;-;235 / 50 R20;235 / 4000;2690;4660X1865X1670;5;4X2;FF;-;4;4;CBU;Japan;-;4;7;7;6;12
58;CBU IMPORT;PT. TOYOTA ASTRA MOTOR;LEXUS;RX 350h Luxury HEV;2487;AT;HYBRID;-;1995;-;235 / 50 R21;-;2850;4890x1920x1695;5;4X2;FF;-;4;4;CBU;Japan;-;24;46;43;31;58
59;CBU IMPORT;PT. TOYOTA ASTRA MOTOR;LEXUS;RX 450h+ Luxury PHEV;2487;AT;PHEV;-;2220;-;235 / 50 R21;-;2850;4890x1920x1695;5;4X4;AWD;-;4;4;CBU;Japan;-;4;4;4;5;7
60;CBU IMPORT;PT. TOYOTA ASTRA MOTOR;LEXUS;RX 500h;2393;AT;HYBRID;-;2160;-;235 / 50 R21;-;2850;4890x1920x1695;5;4X4;AWD;-;4;4;CBU;Japan;-;3;1;3;2;-
61;CBU IMPORT;PT. TOYOTA ASTRA MOTOR;LEXUS;LX 600;3445;AT;G;-;2680;-;265 / 50 R22;-;2850;5100X1990X1895;7;4X4;AWD;-;4;4;CBU;Japan;7;-;2;9;-;-
62;CBU IMPORT;PT. TOYOTA ASTRA MOTOR;LEXUS;LX 700H;3445;AT;HYBRID;-;2680;-;265 / 50 R22;-;2850;5100X1990X1895;7;4X4;AWD;-;4;4;CBU;Japan;-;2;-;1;6;13
63;CBU IMPORT;PT. SUZUKI INDOMOBIL MOTOR;SUZUKI;Ignis GX MT;1197;MT;G;43;1430;4388;185/60 R15;85;2360;3715 X 1680 X 1618;5;4X2;FF;-;4;4;CBU;India;-;-;-;-;-;-
64;CBU IMPORT;PT. SUZUKI INDOMOBIL MOTOR;SUZUKI;New Jimny AT;1462;AT;G;40;1435;4300;195/80 R15;102;2250;3625 X 1645 X 1720;4;4X4;4WD;-;4;4;CBU;Japan;82;26;-;103;40;73
65;CBU IMPORT;PT. SUZUKI INDOMOBIL MOTOR;SUZUKI;New Jimny 2TONE MT;1462;MT;G;40;1435;4090;195/80 R15;102;2250;3625 X 1645 X 1720;4;4X4;4WD;-;4;4;CBU;Japan;-;-;-;-;-;-
66;CBU IMPORT;PT. SUZUKI INDOMOBIL MOTOR;SUZUKI;New Jimny 2TONE AT;1462;AT;G;40;1435;4300;195/80 R15;102;2250;3625 X 1645 X 1720;4;4X4;4WD;-;4;4;CBU;Japan;120;54;-;90;36;37
67;CBU IMPORT;PT. SUZUKI INDOMOBIL MOTOR;SUZUKI;Jimny 5 Doors At;1462;AT;G;40;1435;4300;195/80 R15;102;2250;3625 X 1645 X 1720;4;4X4;4WD;-;3;4;CBU;Japan;341;-;-;48;375;12
68;CBU IMPORT;PT. SUZUKI INDOMOBIL MOTOR;SUZUKI;Jimny 5 Doors Mt;1462;MT;G;40;1435;4090;195/80 R15;102;2250;3625 X 1645 X 1720;4;4X4;4WD;-;3;4;CBU;Japan;-;-;-;-;-;-
69;CBU IMPORT;PT. SUZUKI INDOMOBIL MOTOR;SUZUKI;Jimny 5 Doors 2Tone At;1462;AT;G;40;1435;4300;195/80 R15;102;2250;3625 X 1645 X 1720;4;4X4;4WD;-;3;4;CBU;Japan;208;185;10;62;151;2
70;CBU IMPORT;PT. SUZUKI INDOMOBIL MOTOR;SUZUKI;Jimny 5 Doors 2Tone Mt;1462;MT;G;40;1435;4090;195/80 R15;102;2250;3625 X 1645 X 1720;4;4X4;4WD;-;3;4;CBU;Japan;-;-;-;-;-;-
71;CBU IMPORT;PT. SUZUKI INDOMOBIL MOTOR;SUZUKI;Jimny 5D White Rhino At;1462;AT;G;40;1435;4300;195/80 R15;102;2250;3625 X 1645 X 1720;4;4X4;4WD;-;3;4;CBU;India;-;80;-;19;1;-
72;CBU IMPORT;PT. SUZUKI INDOMOBIL MOTOR;SUZUKI;S-Presso Mt;998;MT;G;0;-;-;-;-;-;-;-;4X2;FF;-;-;-;CBU;India;137;30;-;34;20;1
73;CBU IMPORT;PT. SUZUKI INDOMOBIL MOTOR;SUZUKI;S-Presso At;998;AT;G;0;-;-;-;-;-;-;-;4X2;FF;-;-;-;CBU;India;332;118;-;52;55;1
74;CBU IMPORT;PT. SUZUKI INDOMOBIL MOTOR;SUZUKI;New Baleno;1490;MT;G;51;1650;-;195/55 R15;110;2480;4350 X 1690 X 1545;5;4X2;FF;-;4;4;CBU;India;-;-;-;-;-;-
75;CBU IMPORT;PT. SUZUKI INDOMOBIL MOTOR;SUZUKI;New Baleno AT;1490;AT;G;51;1650;-;195/55 R15;110;2480;4350 X 1690 X 1545;5;4X2;FF;-;4;4;CBU;India;958;190;588;220;-;-
76;CBU IMPORT;PT. SUZUKI INDOMOBIL MOTOR;SUZUKI;Grand Vitara GL AT;1462;AT;G;42;2085;4875;175/70 R13;79;1970;3875 X 1570 X 1915;3;4X2;FR;-;2;4;CBU;India;-;-;-;-;-;-
77;CBU IMPORT;PT. SUZUKI INDOMOBIL MOTOR;SUZUKI;Grand Vitara GX AT;1462;AT;G;42;2085;4875;175/70 R13;79;1970;3875 X 1570 X 1915;3;4X2;FR;-;2;4;CBU;India;206;62;12;-;60;1
78;CBU IMPORT;PT. SUZUKI INDOMOBIL MOTOR;SUZUKI;Grand Vitara 2TONE GX AT;1462;AT;G;42;2085;4875;175/70 R13;79;1970;3875 X 1570 X 1915;3;4X2;FR;-;2;4;CBU;India;185;18;-;-;10;-
79;CBU IMPORT;PT. SUZUKI INDOMOBIL MOTOR;SUZUKI;OTHERS;0;-;G;0;-;-;-;-;-;-;-;0;-;-;-;4;-;-;-;-;-;-;-;-
80;CBU IMPORT;PT. MITSUBISHI MOTORS KRAMA YUDHA INDONESIA;MITSUBISHI MOTORS;TRITON 2.5L DC EXCEED (4X4) MT;2442;MT;D;75;2870;3692;245/65/R17;181;3000;5305 X 1815 X 1780;5;4X4;4WD;0;4;4;CBU;Thailand;34;56;10;-;101;99
81;CBU IMPORT;PT. MITSUBISHI MOTORS KRAMA YUDHA INDONESIA;MITSUBISHI MOTORS;TRITON SU 2.5L HP-E D CAB ULTIMATE (4X4) AT;2442;AT;D;75;2870;4272;265/60 R18;181;3000;5305 X 1815 X 1795;5;4X4;4WD;0;4;4;CBU;Thailand;67;113;50;-;41;153
82;CBU IMPORT;PT. MITSUBISHI MOTORS KRAMA YUDHA INDONESIA;MITSUBISHI MOTORS;TRITON 2.5L DC GLS (4X4) MT;2442;MT;D;75;2850;4090;245/70/R16;136;3000;5225 X 1815 X 1780;5;4X4;4WD;-;4;4;CBU;Thailand;322;657;104;-;277;235
83;CBU IMPORT;PT. MITSUBISHI MOTORS KRAMA YUDHA INDONESIA;MITSUBISHI MOTORS;TRITON 2.5L DC HDX (4X4) MT;2477;MT;D;75;2850;4636;205/R16C 8PR;110;3000;5225 X 1785 X 1775;5;4X4;4WD;-;4;4;CBU;Thailand;465;836;674;169;832;826
84;CBU IMPORT;PT. MITSUBISHI MOTORS KRAMA YUDHA INDONESIA;MITSUBISHI MOTORS;TRITON 2.5L SC HDX (4X4) MT;2477;MT;D;75;2760;4636;205/R16C 8PR;110;3000;5100 X 1815 X1780;2;4X4;4WD;-;2;4;CBU;Thailand;82;248;227;134;302;165
85;CBU IMPORT;PT. MITSUBISHI MOTORS KRAMA YUDHA INDONESIA;MITSUBISHI MOTORS;TRITON 2.5L SC GLX  (4X2) MT;2442;MT;D;75;2760;4090;205R16C 110/80R 8PR;136;3000;5100 X 1815 X 1780;2;4X2;FR;-;2;4;CBU;Thailand;30;25;-;-;-;-
86;CBU IMPORT;PT. ASTRA DAIHATSU MOTOR;DAIHATSU;All New Sirion X CVT  2022;1329;CVT;G;36;980;4267;185/55 R15;95;2500;3895X1735X1525;5;4X2;FF;-;5;4;CBU;Malaysia;-;-;-;-;-;
87;CBU IMPORT;PT. ASTRA DAIHATSU MOTOR;DAIHATSU;All New Sirion R CVT 2022;1329;CVT;G;36;1000;4032;185/55 R15;95;2500;3895X1735X1525;5;4X2;FF;-;5;4;CBU;Malaysia;-;10;10;20;20;20
88;CBU IMPORT;PT. TJAHJA SAKTI MOTOR;BMW;218i Gran Coupe;1499;AT;G;50;1905;-;225/45 R17 94Y;140;2670;4526 x 1800 x 1420;-;4X2;FF;-;-;4;CKD;INA;-;-;-;-;-;-
89;CBU IMPORT;PT. TJAHJA SAKTI MOTOR;BMW;M3 Competition M xDrive T AT;2993;AT;G;59;2370;-;"275/35 ZR19 100Y; 285/30 ZR20 99Y";510;2857;4801 x 1903 x 1446;-;4X4;-;-;-;4;CBU;Germany;-;1;-;-;-;-
90;CBU IMPORT;PT. TJAHJA SAKTI MOTOR;BMW;M3 CS Limousine RHD AT 62AY;2993;AT;G;59;2245;-;"275/35 ZR19 100Y; 285/30 ZR20 99Y";551;2857;4795 x 1918 x 1438;-;4X4;-;-;-;4;CBU;Germany;-;-;-;-;-;-
91;CBU IMPORT;PT. TJAHJA SAKTI MOTOR;BMW;M3 Competition M xDrive 22GB AT;2993;AT;G;59;1865;-;-;530;2857;4801 x 1903 x 1446;5;4X4;-;-;5;4;CBU;Germany;-;1;-;-;-;-
92;CBU IMPORT;PT. TJAHJA SAKTI MOTOR;BMW;M3 Competition M xDrive 32HJ AT;2993;AT;G;59;1780;-;-;530;2857;4801 x 1903 x 1438;5;4X4;-;-;5;4;CBU;Germany;-;3;-;2;1;1
93;CBU IMPORT;PT. TJAHJA SAKTI MOTOR;BMW;M4 Competition M xDrive C RHD AT;2993;AT;G;59;2345;-;"275/35 ZR19 100Y; 285/30 ZR20 99Y";510;2857;4794 x 1887 x 1395;-;4X4;-;-;-;4;CBU;Germany;-;-;-;-;-;-
94;CBU IMPORT;PT. TJAHJA SAKTI MOTOR;BMW;430i Convertible AT;1998;AT;G;0;-;-;-;-;-;4768 x 1852 x 1384;-;4X2;AWD;-;-;4;CBU;-;-;1;4;11;3;12
95;CBU IMPORT;PT. TJAHJA SAKTI MOTOR;BMW;430i AT;1998;AT;G;59;1545;-;"R19 93 Y XL, 225/50 R17 98 Y XL;225/50 R17 98 Y XL, 255/35 R19";245;2851;4768 x 1852 x 1383;4;4X2;FR;-;2;4;CBU;Germany;-;-;-;6;-;4
96;CBU IMPORT;PT. TJAHJA SAKTI MOTOR;BMW;M4 Convertible Competition M xDrive 32HK AT;2993;AT;G;0;-;-;-;-;-;4801 x 1887 x 1398;-;4X4;AWD;-;-;4;CBU;-;-;-;-;6;6;17
97;CBU IMPORT;PT. TJAHJA SAKTI MOTOR;BMW;M4 Coupe Competition M xDrive 42BA AT;2993;AT;G;0;-;-;-;-;-;4801 x 1887 x 1399;-;4X4;AWD;-;-;4;CBU;-;-;-;1;2;-;1
98;CBU IMPORT;PT. TJAHJA SAKTI MOTOR;BMW;CBU M4 CS AT;2993;AT;G;0;1754;-;"275/35 ZR19 100Y;285/30 ZR20 99Y";551;2857;4801 x 1918 x 1399;4;4X4;-;-;2;4;CBU;Germany;-;3;-;-;-;2
99;CBU IMPORT;PT. TJAHJA SAKTI MOTOR;BMW;i7 xDrive60 Limousine RHD AT;-;AT;BEV;-;3250;-;"255/45 R20 105Y; 285/40 R20 108Y";544;3215;5181 x 2000 x 1835;-;4X4;-;-;-;4;CBU;Germany;4;2;1;-;-;5
100;CBU IMPORT;PT. TJAHJA SAKTI MOTOR;BMW;840i Coupe AT;2998;AT;G;68;2225;-;"245/35 R20 95Y; 275/30 R20 97Y";340;2822;4843x1902x1341;-;4X2;FR;-;-;4;CBU;Germany;-;-;-;-;-;-
101;CBU IMPORT;PT. TJAHJA SAKTI MOTOR;BMW;840i Gran Coupe AT;2998;AT;G;68;2435;-;"245/35 R20 95Y; 275/30 R20 97Y";340;3023;5074x1932x1401;-;4X2;FR;-;-;4;CBU;Germany;-;-;-;-;-;-
102;CBU IMPORT;PT. TJAHJA SAKTI MOTOR;BMW;Z4 sDrive30i AT;1998;AT;G;52;1740;-;"255/40 ZR18 95Y; 275/40 ZR18 99Y";258;2470;4324x1864x1304;-;4X2;FR;-;2;4;CBU;Germany;-;-;-;-;2;5
103;CBU IMPORT;PT. TJAHJA SAKTI MOTOR;BMW;CBU X3 20 xDrive AT 32GP S;1998;AT;G;65;1855;-;"255/45 R20 105Y; 285/40 R20 108Y";190;2865;4755 x 1920 x 1660;5;4X4;-;-;5;4;CBU;USA;-;1;-;-;23;7
104;CBU IMPORT;PT. TJAHJA SAKTI MOTOR;BMW;X6 xDrive40i M Sport AT;2998;AT;G;83;2885;-;"275/40 R21 107Y; 315/35 R21 111Y";381;2975;4960 x 2004 x 1700;5;4X4;-;-;5;4;CBU;USA;-;2;-;1;8;7
105;CBU IMPORT;PT. TJAHJA SAKTI MOTOR;BMW;XM AT;4395;AT;PHEV;69;3300;-;"HL 275/35 R23 108Y; HL 315/30 R23 111Y";653;3105;5110 x 2005 x 1755;5;4X4;-;-;5;4;CBU;USA;-;-;-;-;-;-
106;CBU IMPORT;PT. TJAHJA SAKTI MOTOR;BMW;iX xDrive40 AT;0;AT;BEV;0;3010;-;255/50 R21 109Y;-;3000;4953 x 1967 x 1695;-;4X4;-;-;-;4;CBU;Germany;-;-;-;-;-;-
107;CBU IMPORT;PT. TJAHJA SAKTI MOTOR;BMW;XM 50e AT;0;AT;PHEV;0;-;-;-;-;-;-;-;0;-;-;-;-;-;-;-;1;-;-;-;-
108;CBU IMPORT;PT. TJAHJA SAKTI MOTOR;BMW;XM Label AT;4395;AT;PHEV;69;3400;-;"275/40 R22 107Y; 315/35 R22 111Y";748;3098;5.053 x 2.095 x 1.705;5;4X4;-;-;5;4;CBU;Germany;-;-;-;-;-;-
109;CBU IMPORT;PT. TJAHJA SAKTI MOTOR;BMW;iX1 eDrive20 AT;0;AT;BEV;0;-;-;-;-;-;-;-;0;-;-;-;-;-;-;1;-;-;-;-;-
110;CBU IMPORT;PT. TJAHJA SAKTI MOTOR;BMW;M2 Coupe 22DM AT;2993;AT;G;52;1730;-;-;480;2747;4580 x 1887 x 1403;4;4X2;FR;-;2;4;CBU;Germany;-;-;1;-;-;-
111;CBU IMPORT;PT. TJAHJA SAKTI MOTOR;BMW;iX xDrive50;0;AT;BEV;0;3145;-;"275/40 R22 107Y;275/40 R22 107Y";523;3000;4.960 x 1.967 x 1.696;5;4X4;-;-;5;4;CBU;Germany;-;-;-;-;-;-
112;CBU IMPORT;PT. TJAHJA SAKTI MOTOR;BMW;iX xDrive45 AT;0;AT;BEV;0;3100;-;-;-;3000;4965 x 1970 x 1695;5;0;-;-;5;4;CBU;Germany;-;-;-;-;2;6
113;CBU IMPORT;PT. TJAHJA SAKTI MOTOR;BMW;iX2 xDrive30 AT;0;AT;BEV;0;2020;-;-;313;2692;4554 x 1845 x 1560;5;4X4;-;-;5;4;CBU;Germany;-;-;2;-;-;-
114;CBU IMPORT;PT. TJAHJA SAKTI MOTOR;BMW;218 AT;1499;AT;G;49;1420;-;-;156;2670;4546 x 1800 x 1445;5;4X2;FF;-;4;4;CBU;Germany;-;-;-;21;1;9
115;CBU IMPORT;PT. TJAHJA SAKTI MOTOR;BMW;i7 M70 xDrive AT S;-;AT;BEV;-;3250;-;-;570;3215;5391 x 1950 x 1544;5;4X4;-;-;5;4;CBU;Germany;-;-;-;-;-;1
116;CBU IMPORT;PT. TJAHJA SAKTI MOTOR;BMW;M3 CS 32GB AT S;2993;AT;G;59;2330;-;-;543;2857;4877 x 1918 x 1447;5;4X4;-;-;5;4;CBU;Germany;-;-;-;-;-;4
117;CBU IMPORT;PT. TJAHJA SAKTI MOTOR;MINI;Cooper Hatch AT;1499;A/T;G;40;1610;-;205/45 R17 88W;136;2495;3863 x 1727 x 1414;-;4X2;FF;-;0;4;CBU;UK;-;-;-;-;-;-
118;CBU IMPORT;PT. TJAHJA SAKTI MOTOR;MINI;CBU  Cooper S 5 Door AT;1499;A/T;G;40;1740;-;205/45 R17 88W;136;2567;4023 x 1727 x 1425;-;4X2;FF;-;0;4;CBU;UK;-;12;8;7;-;-
119;CBU IMPORT;PT. TJAHJA SAKTI MOTOR;MINI;Cooper S RHD AT;1998;AT;G;0;-;-;-;-;-;-;-;4X4;-;-;0;0;-;UK;-;29;12;21;8;9
120;CBU IMPORT;PT. TJAHJA SAKTI MOTOR;MINI;Countryman S ALL4 AT;1998;AT;G;0;-;-;-;-;-;-;-;4X4;-;-;0;0;CBU;Germany;-;-;-;-;-;-
121;CBU IMPORT;PT. TJAHJA SAKTI MOTOR;MINI;JCW Countryman ALL4;1998;AT;G;0;-;-;-;-;-;-;-;4X4;-;-;0;0;-;UK;-;1;9;1;1;5
122;CBU IMPORT;PT. TJAHJA SAKTI MOTOR;MINI;Countryman SE ALL4;-;AT;BEV;0;-;-;-;-;-;-;-;4X4;-;-;-;-;-;UK;-;8;2;3;-;-
123;CBU IMPORT;PT. TJAHJA SAKTI MOTOR;MINI;Cooper SE AT;0;AT;BEV;0;1605;-;"R17 93 H XL, 195/60 R16 93 H XL;205/50 R17 93 H XL, 195/60 R16";218;2526;3858 x 1756 x 1460;4;4X2;FF;-;3;4;CBU;China;-;-;-;16;11;-
124;CBU IMPORT;PT. TJAHJA SAKTI MOTOR;MINI;CBU ACEMAN SE AT 82GC;0;AT;BEV;0;1710;-;"205/55 R17 95 H XL;205/55 R17 95 H XL";218;2606;4079 x 1754 x 1514;5;4X2;FF;-;5;4;CBU;China;24;20;16;2;4;-
125;CBU IMPORT;PT. TJAHJA SAKTI MOTOR;MINI;CBU JCW Cabrio AT 32GX S;1998;AT;G;44;1425;-;"215/45 R17 91 Y XL;215/45 R17 91 Y XL";231;2495;3879 x 1744 x 1431;4;4X2;FF;-;2;4;CBU;UK;-;2;3;7;3;3
126;CBU IMPORT;PT. TJAHJA SAKTI MOTOR;MINI;JCW Aceman E AT;-;AT;BEV;-;1745;-;-;258;2606;4079 x 1754 x 1514;5;4X2;FF;-;5;4;CBU;China;-;4;7;5;-;-
127;CBU IMPORT;PT. TJAHJA SAKTI MOTOR;MINI;JCW E AT;-;AT;BEV;-;1650;-;-;258;2526;3858 x 1756 x 1460;4;4X2;FF;-;3;4;CBU;China;-;12;8;7;-;-
128;CBU IMPORT;PT. TJAHJA SAKTI MOTOR;MINI;JCW AT;1998;AT;G;44;1425;-;-;231;2495;3879 x 1744 x 1431;4;4X2;FF;-;2;4;CBU;Germany;-;-;13;-;-;15
129;CBU IMPORT;PT. GAYA MAKMUR MOBIL;FAW;TRACTOR HEAD (DB290TH);7700;MT;D;300;41000;5;R20-11.00;290;3375;5970 x 2490 x 2975;2;4X2;FR;90;2;6;CBU;China;-;4;10;-;-;15
130;CBU IMPORT;PT. GAYA MAKMUR MOBIL;FAW;TRACTOR HEAD (DB300TH);7700;MT;D;350;41005;5;R20-11.00;300;3500;5805 x 2490 x 2720;2;4X2;FR;102;2;6;CBU;China;-;-;-;-;-;-
131;CBU IMPORT;PT. GAYA MAKMUR MOBIL;FAW;TRACTOR HEAD (FD290TH);7700;MT;D;300;53000;5;R20-11.00;290;310 + 13;6875 x 2500 x 2980;2;6X4;FR;90;2;10;CBU;China;17;13;13;25;21;5
132;CBU IMPORT;PT. GAYA MAKMUR MOBIL;FAW;TRACTOR HEAD (FD380TH) CNG;11596;MT;G;8x140;70000;5;R22.5-12.00;380;800 + 13;7443 x 2490 x 3450;2;6X4;FR;89;2;10;CBU;China;2;-;-;-;-;-
133;CBU IMPORT;PT. GAYA MAKMUR MOBIL;FAW;TRACTOR HEAD (FD460TH);11050;MT;D;400;100000;6;R20-12.00;460;310 + 13;6895 x 2500 x 3505;2;6X4;FR;85;2;10;CBU;China;7;-;-;6;5;10
134;CBU IMPORT;PT. GAYA MAKMUR MOBIL;FAW;TRACTOR HEAD (FD550TH);12540;MT;D;600;150000;6;R20-12.00;550;300 + 13;6875 x 2500 x 3995;2;6X4;FR;95;2;10;CBU;China;4;-;-;-;-;2
135;CBU IMPORT;PT. GAYA MAKMUR MOBIL;FAW;CHASSIS (DD130CG);4214;MT;D;80;7800;5;R16-750;130;3860;6860 x 2500 x 2600;2;4X4;4WD;90;2;6;CBU;China;-;-;-;-;-;-
136;CBU IMPORT;PT. GAYA MAKMUR MOBIL;FAW;CHASSIS (DD140CG);4214;MT;D;180;8000;6;R16-750;140;3880;7270 x 2080 x 2590;2;4X4;FR;90;2;6;CBU;China;6;-;-;4;-;-
137;CBU IMPORT;PT. GAYA MAKMUR MOBIL;FAW;CHASSIS (FB240CB);6600;MT;D;300;25000;5;R22.5-11.00;240;225 + 13;9475 x 2490 x 3490;2;6X2;FR;85;2;10;CBU;China;-;-;-;-;-;-
138;CBU IMPORT;PT. GAYA MAKMUR MOBIL;FAW;CHASSIS (FB240CG);6600;MT;D;300;33000;5;R20-11.00;240;885 + 13;11955 x 2500 x 3250;2;6X2;FR;85;2;10;CBU;China;10;5;-;6;10;25
139;CBU IMPORT;PT. GAYA MAKMUR MOBIL;FAW;CHASSIS (FD290CG);7700;MT;D;300;26500;5;R20-11.00;290;885 + 13;11945 x 2485 x 3030;2;6X4;FR;85;2;10;CBU;China;4;9;10;-;11;10
140;CBU IMPORT;PT. GAYA MAKMUR MOBIL;FAW;CHASSIS (HD375CG);9500;MT;D;400;31500;6;R20-12.00;375;+ 4520 +;11885 x 2495 x 3430;2;8X4;FR;75;2;12;CBU;China;5;-;3;-;5;10
141;CBU IMPORT;PT. GAYA MAKMUR MOBIL;FAW;DUMP TRUCK (HD430DT);11596;MT;D;400;50000;6;R24-12.00;430;+ 3750 +;8580 x 2550 x 3690;2;8X4;FR;84;2;12;CBU;China;5;-;16;1;-;-
142;CBU IMPORT;PT. GAYA MAKMUR MOBIL;FAW;DUMP TRUCK (FD280DT);7700;MT;D;300;26000;5;R20-10.00;280;200 + 13;8900 x 2490 x 2850;2;6X4;FR;83;2;10;CBU;China;-;-;-;-;-;-
143;CBU IMPORT;PT. GAYA MAKMUR MOBIL;FAW;DUMP TRUCK (FD290DT);7700;MT;D;300;26500;5;R20-11.00;290;200 + 13;8945 x 2495 x 3240;2;6X4;FR;90;2;10;CBU;China;-;15;10;5;-;-
144;CBU IMPORT;PT. GAYA MAKMUR MOBIL;FAW;SELF LOADER TRUCK (FD290SL);7700;MT;D;300;26500;5;R20-11.00;290;880 + 13;11945 x 2485 x 3030;2;6X4;FR;85;2;10;CBU;China;-;-;1;-;4;-
145;CBU IMPORT;PT. ISUZU ASTRA MOTOR INDONESIA;ISUZU;D-MAX SC;2499;MT;D;76;2750;4100;245/70/R16;109;3095;5,215 x 1,860 x 1,780;3;4X4;4WD;-;2;4;CBU;Thailand;-;-;10;-;32;15
146;CBU IMPORT;PT. ISUZU ASTRA MOTOR INDONESIA;ISUZU;D-MAX DC;2499;MT;D;76;2750;4100;245/70/R16;109;3095;5,190 x 1,860 x 1,785;5;4X4;4WD;-;4;4;CBU;Thailand;-;-;8;-;9;-
147;CBU IMPORT;PT. ISUZU ASTRA MOTOR INDONESIA;ISUZU;MU-X 4X4;2499;-;D;47;2540;-;-;-;-;-;7;4X4;4WD;-;5;4;CBU;Thailand;1;-;24;21;26;-
148;CBU IMPORT;PT. ISUZU ASTRA MOTOR INDONESIA;ISUZU;NPS 81;4570;MT;D;100;8250;5857;7.50-15-14PR;125;3360;6,000x1,990x2,280;3;4X2;FR;102;2;6;CBU;Thailand;11;11;1;4;16;4
149;CBU IMPORT;PT. ISUZU ASTRA MOTOR INDONESIA;ISUZU;CYZ 51 Q;14256;MT;D;200;29000;6143;11.00-20-16LUG;360;5905;9775 x 2490 x2970;3;6X4;FR;-;2;10;CBU;Japan;-;-;-;-;-;-
150;CBU IMPORT;PT. ISUZU ASTRA MOTOR INDONESIA;ISUZU;CYZ 51 N;14256;MT;D;200;29000;6143;11.00-20-16LUG;360;5905;9775 x 2490 x2970;3;6X4;FR;-;2;10;CBU;Japan;-;-;-;-;-;-
151;CBU IMPORT;PT. EUROKARS MOTOR INDONESIA;MAZDA;Mazda 2 GT AT;1498;AT;G;42,8;-;4147;195/45R16;103;2490;3913 x 1695 x 1475;5;4X2;FF;-;5;4;CBU;Thailand;-;-;-;-;-;-
152;CBU IMPORT;PT. EUROKARS MOTOR INDONESIA;MAZDA;Mazda 2 Sedan;1496;AT;G;44;-;-;185/60R16;111;2570;4340 x 1695 x 1479;5;4X2;FF;-;4;4;CBU;Thailand;1;-;-;-;-;-
153;CBU IMPORT;PT. EUROKARS MOTOR INDONESIA;MAZDA;Mazda 3 Hatchback;1998;AT;G;51;-;-;215/45R18;155;2725;4,460 x 1,795 x 1,435;5;4X2;FF;-;5;4;CBU;Japan;98;60;72;53;74;56
154;CBU IMPORT;PT. EUROKARS MOTOR INDONESIA;MAZDA;Mazda 3 Sedan;1998;AT;G;51;-;-;215/45R18;155;2725;4,660 x 1,795 x 1,440;5;4X2;FF;-;5;4;CBU;Japan;1;3;4;3;3;-
155;CBU IMPORT;PT. EUROKARS MOTOR INDONESIA;MAZDA;Mazda 6 Elite Estate;2488;AT;G;62;-;-;225/45R19;192;2750;4,800 x 1,840 x 1,480;5;4X2;FF;-;5;4;CBU;Japan;1;1;-;-;-;3
156;CBU IMPORT;PT. EUROKARS MOTOR INDONESIA;MAZDA;Mazda 6 Elite Sedan;2488;AT;G;64;-;4056;225/45R19;187;2830;4865 x 1840 x 1450;5;4X2;FF;-;4;4;CBU;Japan;2;4;-;-;1;2
157;CBU IMPORT;PT. EUROKARS MOTOR INDONESIA;MAZDA;MX 5 RF AT;1999;AT;G;50;-;3863;205/45R17;160;2330;4020 x 1720 x 1255;2;4X2;FF;-;4;4;CBU;Japan;-;5;2;8;2;1
158;CBU IMPORT;PT. EUROKARS MOTOR INDONESIA;MAZDA;New MX 5 RF MT;1999;MT;G;50;-;3863;205/45R17;160;2330;4020 x 1720 x 1255;2;4X2;FF;-;4;4;CBU;Japan;-;1;-;1;1;1
159;CBU IMPORT;PT. EUROKARS MOTOR INDONESIA;MAZDA;CX-3 Pro;1998;AT;G;48;-;-;215/50R18;149;2570;4275 x 1765 x 1535;5;4X2;FF;-;5;4;CBU;Japan;1;-;-;-;-;1
160;CBU IMPORT;PT. EUROKARS MOTOR INDONESIA;MAZDA;CX-3 Sport;1998;AT;G;48;-;-;215/50R18;149;2570;4275 x 1765 x 1535;5;4X2;FF;-;5;4;CBU;Japan;-;2;81;60;85;61
161;CBU IMPORT;PT. EUROKARS MOTOR INDONESIA;MAZDA;CX-3 GT;1998;AT;G;51;-;;215/55R18;155;2655;4395 x 1795 x 1540;5;4X2;FF;;5;4;CBU;Japan;19;13;21;13;28;30
162;CBU IMPORT;PT. EUROKARS MOTOR INDONESIA;MAZDA;CX-5 Elite;2488;AT;G;56;-;-;225/55R19;190;2700;4550 x 1840 x 1680;5;4X2;FF;-;5;4;CBU;Japan;4;19;22;14;21;24
163;CBU IMPORT;PT. EUROKARS MOTOR INDONESIA;MAZDA;CX-5 Kuro;2488;AT;G;58;-;-;225/55R19;190;2700;4550 x 1840 x 1680;5;4X4;4WD;-;5;4;CBU;Japan;9;55;48;26;31;63
164;CBU IMPORT;PT. EUROKARS MOTOR INDONESIA;MAZDA;CX-5 AWD;2488;AT;G;58;-;-;225/55R19;190;2700;4550 x 1840 x 1680;5;4X4;4WD;-;5;4;CBU;Japan;-;-;-;-;-;-
165;CBU IMPORT;PT. EUROKARS MOTOR INDONESIA;MAZDA;CX-6 3.3 MHEV AWD Elite;3283;AT;G;58;-;-;235/50R20;284;2870;4,740 x 1,890 x 1,686.5;5;4X4;4WD;-;5;4;CBU;Japan;2;15;8;5;22;9
166;CBU IMPORT;PT. EUROKARS MOTOR INDONESIA;MAZDA;CX-6 3.3 MHEV AWD Kuro;3283;AT;G;58;-;-;235/50R20;284;2870;4,740 x 1,890 x 1,686.5;5;4X4;4WD;-;5;4;CBU;Japan;18;12;3;3;1;-
167;CBU IMPORT;PT. EUROKARS MOTOR INDONESIA;MAZDA;CX-6 2.5 Pro;2488;AT;G;58;-;-;235/50R20;284;2870;4740 x 1890 x 1686.5;5;4X4;4WD;-;5;4;CBU;Japan;1;4;4;1;-;-
168;CBU IMPORT;PT. EUROKARS MOTOR INDONESIA;MAZDA;New CX-9;2488;AT;G;72;-;-;255/50R20;231;2930;5075 x 1969 x 1747;7;4X2;FF;-;5;4;CBU;Japan;2;-;-;-;1;-
169;CBU IMPORT;PT. EUROKARS MOTOR INDONESIA;MAZDA;New CX-9 AWD;2488;AT;G;74;-;-;255/50R20;231;2930;5075 x 1969 x 1747;7;4X4;4WD;-;5;4;CBU;Japan;1;-;-;1;-;-
170;CBU IMPORT;PT. EUROKARS MOTOR INDONESIA;MAZDA;New CX-8 Elite;2488;AT;G;72;-;-;225/55R19;190;2930;4900 x 1840 x 1730;6;4X2;FF;-;5;4;CBU;Malaysia;6;7;11;1;10;3
171;CBU IMPORT;PT. EUROKARS MOTOR INDONESIA;MAZDA;CX-8 2.5 PHEV AWD ELITE;2488;AT;PHEV;70;-;-;235/50R20;327;3120;4990 x 1890 x 1713;6;4X4;4WD;-;5;4;CBU;Japan;5;2;3;1;-;1
172;CBU IMPORT;PT. EUROKARS MOTOR INDONESIA;MAZDA;CX-8 2.5 PHEV AWD KURO;2488;AT;PHEV;70;-;-;235/50R20;327;3120;4990 x 1890 x 1713;6;4X4;4WD;-;5;4;CBU;Japan;7;3;1;5;5;3
173;CBU IMPORT;PT. EUROKARS MOTOR INDONESIA;MAZDA;MX-3 BEV;0;AT;BEV;0;-;-;215/55R18;145;2655;4395 x 1795 x 1555;5;4X2;FF;-;5;4;CBU;Japan;2;-;1;-;1;-
174;CBU IMPORT;PT. GARUDA MATARAM MOTOR;VOLKSWAGEN;Polo 1.2 GT TSI AT;1200;AT;G;-;-;-;-;-;-;-;5;4X2;FF;-;5;4;CBU;India;-;-;-;-;-;-
175;CBU IMPORT;PT. GARUDA MATARAM MOTOR;VOLKSWAGEN;T-Cross 1.0 TSI AT;999;AT;G;50;-;-;205/55 R17;115;2651;4,221X1,760X1,612;5;4X2;FF;-;5;4;CBU;India;-;1;1;-;-;-
176;CBU IMPORT;PT. GARUDA MATARAM MOTOR;VOLKSWAGEN;ID.BUZZ LWB EV AT;91 kWh;AT;-;0;-;-;-;-;-;-;7;4X2;FR;-;5;4;CBU;Germany;-;-;15;-;55;-
177;CBU IMPORT;PT. GARUDA MATARAM MOTOR;AUDI;A4 2.0 TFSI AT;1984;AT;G;0;-;-;-;-;-;-;5;4X2;FF;-;5;4;CBU;Germany;-;1;-;-;-;-
178;CBU IMPORT;PT. GARUDA MATARAM MOTOR;AUDI;Q3 1.4 TFSI AT;1400;AT;G;64;-;-;-;-;-;-;5;4X4;4WD;250;4;4;CBU;Germany;-;1;-;-;-;-
179;CBU IMPORT;PT. GARUDA MATARAM MOTOR;AUDI;Q5 2.0 TFSI AT;1984;AT;G;75;1845;3692;255/55/R19;225;2807;4629 x 1880 x 1653;5;4X4;4WD;222;4;4;CBU;Germany;-;-;2;1;1;-
180;CBU IMPORT;PT. GARUDA MATARAM MOTOR;AUDI;Q7 3.0 TFSI AT;2995;AT;G;100;2245;4845;265/50/R19;272;3002;5089 x 2002 x 1695;7;4X4;4WD;222;4;4;CBU;Germany;-;-;-;-;-;-
181;CBU IMPORT;PT. GARUDA MATARAM MOTOR;AUDI;Q8 3.0 TFSI AT;2995;AT;G;100;2245;4845;265/50/R19;272;3002;5089 x 2002 x 1695;7;4X4;4WD;222;4;4;CBU;Germany;-;-;-;1;1;-
182;CBU IMPORT;PT. GARUDA MATARAM MOTOR;AUDI;RS4 2.9 TFSI AT;2900;AT;G;58;-;-;-;-;-;-;5;4X4;4WD;-;5;4;CBU;Germany;-;-;-;-;-;-
183;CBU IMPORT;PT. GARUDA MATARAM MOTOR;AUDI;RS5 2.9 TFSI AT;2900;AT;G;61;-;-;-;-;-;-;5;4X4;4WD;-;5;4;CBU;Germany;-;-;-;-;-;-
184;CBU IMPORT;PT. HYUNDAI MOTORS INDONESIA (HMID);HYUNDAI - HMID;Venue;998;AT;G;-;-;-;-;-;-;-;5;4X2;-;-;5;4;CBU;India;52;-;-;-;-;-
185;CBU IMPORT;PT. HYUNDAI MOTORS INDONESIA (HMID);HYUNDAI - HMID;Kona EV;-;AT;BEV;-;2020;-;215/55/R17;-;2600;4180 x 1800 x 1570;5;4X2;-;-;5;4;CBU;South Korea;-;-;-;-;-;-
186;CBU IMPORT;PT. HYUNDAI MOTORS INDONESIA (HMID);HYUNDAI - HMID;Ioniq EV Prime;-;AT;BEV;-;1970;-;205/60/R16;-;2700;4470 x 1820 x 1475;5;4X4;-;-;5;4;CBU;South Korea;-;-;-;-;-;-
187;CBU IMPORT;PT. HYUNDAI MOTORS INDONESIA (HMID);HYUNDAI - HMID;Genesis G80 EV;-;AT;BEV;-;2265;-;245/45/R19;-;3010;5005 x 1925 x 1475;5;4X2;-;-;5;4;CBU;South Korea;-;-;1;-;2;-
188;CBU IMPORT;PT. HYUNDAI MOTORS INDONESIA (HMID);HYUNDAI - HMID;Genesis G80;2500;AT;G;65;2265;-;245/45/R19;-;3010;5005 x 1925 x 1475;5;4X2;-;-;5;4;CBU;South Korea;-;-;-;-;-;-
189;CBU IMPORT;PT. HYUNDAI MOTORS INDONESIA (HMID);HYUNDAI - HMID;Tucson;2000;AT;G;-;-;-;-;-;-;-;5;4X4;4WD;-;5;4;CBU;South Korea;-;10;-;-;-;-
190;CBU IMPORT;PT. HYUNDAI MOTORS INDONESIA (HMID);HYUNDAI - HMID;Tucson HEV;1600;AT;HYBRID;-;-;-;-;-;-;-;5;4X2;FF;-;5;4;CBU;South Korea;-;60;71;-;-;-
191;CBU IMPORT;PT. HYUNDAI MOTORS INDONESIA (HMID);HYUNDAI - HMID;Ioniq5;-;AT;BEV;-;-;-;-;-;-;-;5;4X2;FF;-;5;4;CBU;South Korea;-;-;-;-;-;-
192;CBU IMPORT;PT. HYUNDAI MOTORS INDONESIA (HMID);HYUNDAI - HMID;Palisade 2.2 CRDi Prime;2200;AT;D;71;2670;-;245/50/20;200;2900;4980 x 1975 x 1750;7;4X2;FF;-;5;4;CBU;South Korea;10;-;-;4;8;-
193;CBU IMPORT;PT. HYUNDAI MOTORS INDONESIA (HMID);HYUNDAI - HMID;Palisade 2.2 CRDi Signature;2200;AT;D;71;2690;-;245/50/20;200;2900;4980 x 1975 x 1750;7;4X2;FF;-;5;4;CBU;South Korea;228;96;64;145;55;-
194;CBU IMPORT;PT. HYUNDAI MOTORS INDONESIA (HMID);HYUNDAI - HMID;Palisade 2.2 CRDi AWD;2200;AT;D;71;2690;-;245/50/20;200;2900;4980 x 1975 x 1750;7;4X4;4WD;-;5;4;CBU;South Korea;36;-;6;6;12;-
195;CBU IMPORT;PT. HYUNDAI MOTORS INDONESIA (HMID);HYUNDAI - HMID;All New Palisade Hybrid Calligraphy;2500;AT;HYBRID;-;-;-;-;-;-;-;7;4X2;FF;-;5;4;CBU;South Korea;-;-;1;-;132;221
196;CBU IMPORT;PT. HYUNDAI MOTORS INDONESIA (HMID);HYUNDAI - HMID;All New Palisade Hybrid Signature;2500;AT;HYBRID;-;-;-;-;-;-;-;7;4X2;FF;-;5;4;CBU;South Korea;-;-;1;-;22;4
197;CBU IMPORT;PT. HYUNDAI MOTORS INDONESIA (HMID);HYUNDAI - HMID;All New Palisade Hybrid Calligraphy AWD;2500;AT;HYBRID;-;-;-;-;-;-;-;7;4X4;4WD;-;5;4;CBU;South Korea;-;-;1;-;33;12
198;CBU IMPORT;PT. HYUNDAI MOTORS INDONESIA (HMID);HYUNDAI - HMID;Genesis GV80 2.5T AWD;2500;AT;G;-;-;-;-;-;-;-;5;4X4;FF;-;5;4;CBU;South Korea;-;-;2;-;-;-
199;CBU IMPORT;PT. HYUNDAI MOTORS INDONESIA (HMID);HYUNDAI - HMID;Staria Signature 7;2200;AT;D;75;2930;-;235/55/18;177;3273;5253 x 1997 x 1990;7;4X4;4WD;-;5;4;CBU;South Korea;10;-;4;4;5;-
200;CBU IMPORT;PT. HYUNDAI MOTORS INDONESIA (HMID);HYUNDAI - HMID;Staria Signature 9;2200;AT;D;75;3120;-;235/55/18;177;3273;5253 x 1997 x 1990;9;4X4;4WD;-;5;4;CBU;South Korea;11;-;5;7;5;-
201;CBU IMPORT;PT. ASTRA INTERNATIONAL UD TRUCKS SALES OPERATION;UD TRUCK;CKE25042R;7698;MT;D;315;21000;5570;11,00-20-16PR;250;5200;8,975 x 2,500 x 3,220;3;4X2;FR;90;2;6;CBU;Thailand;10;-;-;-;-;10
202;CBU IMPORT;PT. ASTRA INTERNATIONAL UD TRUCKS SALES OPERATION;UD TRUCK;GWE41064T;10837;MT;D;315;55000;5790;11,00-20-16PR;410;4770;7,055 x 2,500 x 3,312;3;6X4;FR;90;2;10;CBU;-;-;5;-;-;-;-
203;CBU IMPORT;PT. ASTRA INTERNATIONAL UD TRUCKS SALES OPERATION;UD TRUCK;CQE28082R;7898;MT;D;315;30000;5570;11,00-20-16PR;280;5800;11,776 x 2,500 x 3,253;3;8X2;FR;90;2;12;CBU;Thailand;-;-;-;-;-;-
204;CBU IMPORT;PT. ASTRA INTERNATIONAL UD TRUCKS SALES OPERATION;UD TRUCK;CGE37084R;10837;MT;D;405;41000;6370;11,00-20-16PR;370;6970;11,324 x 2,500 x 3,252;3;8X4;FR;90;2;12;CBU;Thailand;17;10;-;-;19;26
205;CBU IMPORT;PT. ASTRA INTERNATIONAL UD TRUCKS SALES OPERATION;UD TRUCK;RKE15042R;3760;MT;D;100;8500;4800;7,50-16-14PR;150;3350;6,258 x 2,206 x 2,540;3;4X2;FR;90;2;6;CBU;India;38;-;62;40;10;-
206;CBU IMPORT;PT. HINO MOTORS SALES INDONESIA;HINO;ZY - HR;12913;MT;D;330;50000;STD 5.41;12.00 R24;410;0+3750+;9290 x 2545 x 3205;2;8X4;FR;99;2;12;CBU;Japan;10;3;4;2;2;-
207;CBU IMPORT;PT. HINO MOTORS SALES INDONESIA;HINO;ZS4141;12913;MT;D;330;41000;STD 7.21;12.00 R24;410;4145+150;8245 x 2545 x 3205;2;6X4;FR;75;2;10;CBU;Japan;-;-;-;-;-;-
208;CBU IMPORT;PT. HINO MOTORS SALES INDONESIA;HINO;SS1E;12913;MT;D;330;-;7.21;12.00 R24;410;4145+150;8245 x 2545 x 3205;2;6X4;FR;-;2;-;CBU;Japan;-;-;-;-;-;-
209;CBU IMPORT;PT. HINO MOTORS SALES INDONESIA;HINO;SV1E;12913;MT;D;330;-;7.21;12.00 R24;410;4145+150;8245 x 2545 x 3205;2;6X4;FR;75;2;10;CBU;Japan;-;-;-;-;-;-
210;CBU IMPORT;PT. KERETA INDO ARTA;KIA;Picanto EX;1248;AT;G;35;1350;4336;165/60 R14;64,4/6000 (kW/rpm);2385;3592 x 1595 x 1480;5;4X2;FF;-;5;4;CBU;Korea;-;-;-;-;-;-
211;CBU IMPORT;PT. KERETA INDO ARTA;KIA;Sonet Premiere;1500;AT;G;55;1705;-;215/60 R17;140/6000;2610;4315 x 1800 x 1620;5;4X2;FF;7;5;4;CBU;India;30;-;-;-;-;-
212;CBU IMPORT;PT. KERETA INDO ARTA;KIA;Sonet Premiere;1500;MT;G;55;1705;-;215/60 R17;140/6000;2610;4315 x 1800 x 1620;5;4X2;FF;7;5;4;CBU;India;-;-;-;-;-;-
213;CBU IMPORT;PT. KERETA INDO ARTA;KIA;Carnival;2151;AT;D;80;-;-;235/60 R18;202/3800;3090;5115 x 1995 x 1750;11;4X2;FF;8;5;4;CBU;Korea;-;-;-;-;-;-
214;CBU IMPORT;PT. KERETA INDO ARTA;KIA;Carnival;2151;AT;D;80;-;-;235/60 R18;202/3800;3090;5115 x 1995 x 1750;11;4X2;FF;8;5;4;CBU;Korea;-;-;4;10;-;-
215;CBU IMPORT;PT. KERETA INDO ARTA;KIA;Carnival HEV;1598;AT;D;80;2960;3195;235/60 R18;202/3800;3090;5155 x 2000 x 1785;11;4X2;FF;8;5;4;CBU;Korea;-;9;1;2;-;-
216;CBU IMPORT;PT. KERETA INDO ARTA;KIA;Carens;1353;AT;G;80;2960;3195;235/60 R18;270/6400;3090;5155 x 2000 x 1785;11;4X2;FF;8;5;4;CBU;India;-;-;-;1;-;-
217;CBU IMPORT;PT. KERETA INDO ARTA;KIA;Carens;1497;AT;G;80;2960;3195;235/60 R18;202/3800;3090;5155 x 2000 x 1785;11;4X2;FF;8;5;4;CBU;India;-;2;-;-;-;-
218;CBU IMPORT;PT. KERETA INDO ARTA;KIA;EV6;0;AT;BEV;77,4;2425;-;255/45 R20;239.3/4800;2900;4695 x 1890 x 1550;5;4X4;4WD;-;5;4;CBU;Korea;1;2;-;-;-;-
219;CBU IMPORT;PT. KERETA INDO ARTA;KIA;EV9;0;AT;BEV;77,4;2425;-;255/45 R20;239.3/4800;2900;4695 x 1890 x 1550;5;4X4;4WD;-;5;4;CBU;Korea;1;2;-;-;-;-
220;CBU IMPORT;PT DAIMLER COMMERCIAL VEHICLES INDONESIA;MERSEDES-BENZ CV;Axor 1623 C;6373;MT;D;260;16000;6.700 - 0.730;10.00 - 20, Tube-type;231;3600;6230 x 2490 x 2955;2;4X2;FR;90;2;4;CBU;India;-;-;-;-;-;-
221;CBU IMPORT;PT DAIMLER COMMERCIAL VEHICLES INDONESIA;MERSEDES-BENZ CV;Actros 4058 S;15569;AT;D;510;40000;11.722 - 0.687;325/95 R 24;578;3850;7713 x 2500 x 3824;2;6X4;FR;80;2;6;CBU;Germany;-;-;-;1;-;-
222;CBU IMPORT;PT DAIMLER COMMERCIAL VEHICLES INDONESIA;MERSEDES-BENZ CV;Arocs 2551 A;12809;AT;D;290;25000;11.639 - 0.775;14.00 R 20;510;4500;8150 x 2500 x 3927;2;4X4;FA;90;2;4;CBU;Germany;-;1;-;-;2;-
223;CBU IMPORT;PT DAIMLER COMMERCIAL VEHICLES INDONESIA;MERSEDES-BENZ CV;Axor 2523 R  4500 [E4];6373;MT;D;355;26500;6.700 - 0.730;11.00 - 20, Tube-type;238;4500;9867 x 2490 x 3100;2;6X2;FR;90;2;6;CBU;India;-;5;5;-;-;-
224;CBU IMPORT;PT DAIMLER COMMERCIAL VEHICLES INDONESIA;MERSEDES-BENZ CV;Axor 2523 R  57;6373;MT;D;380;25000;6.700 - 0.730;10.00 R 20, Tube-type;231;5700;12000 x 2490 x 2935;2;6X2;FR;90;2;6;CBU;India;-;-;-;-;-;-
225;CBU IMPORT;PT DAIMLER COMMERCIAL VEHICLES INDONESIA;MERSEDES-BENZ CV;Axor 2523 R  5700 (Bogie);6373;MT;D;380;25000;6.700 - 0.730;10.00 R 20, Tube-type;231;5700;12000 x 2490 x 2935;2;6X2;FR;90;2;6;CBU;India;-;-;-;-;-;-
226;CBU IMPORT;PT DAIMLER COMMERCIAL VEHICLES INDONESIA;MERSEDES-BENZ CV;Axor 2523 R  5700 [E4];6373;MT;D;355;26500;6.700 - 0.730;11.00 - 20, Tube-type;238;5700;12000 x 2490 x 3100;2;6X2;FR;90;2;6;CBU;India;-;-;6;-;-;-
227;CBU IMPORT;PT DAIMLER COMMERCIAL VEHICLES INDONESIA;MERSEDES-BENZ CV;Axor 2526 R  5700 [E4];6373;MT;D;355;26500;7.532 - 0.751;11.00 - 20, Tube-type;256;5700;12000 x 2490 x 3100;2;6X2;FR;90;2;6;CBU;India;-;-;-;-;-;-
228;CBU IMPORT;PT DAIMLER COMMERCIAL VEHICLES INDONESIA;MERSEDES-BENZ CV;Axor 2526 R  4500 M-CAB (6X2)MT;6373;MT;D;355;26500;7.532 - 0.751;11.00 - 20, Tube-type;256;4500;9867 x 2490 x 3100;2;6X2;FR;90;2;6;CBU;India;-;-;-;-;-;-
229;CBU IMPORT;PT DAIMLER COMMERCIAL VEHICLES INDONESIA;MERSEDES-BENZ CV;Axor 2528 R  5700 (6X2) MT [E4];6373;MT;D;355;26500;14.573 - 1.000;11.00 - 20, Tube-type;285;5700;12000 x 2490 x 3100;2;6X2;FR;90;2;6;CBU;India;-;20;-;-;-;-
230;CBU IMPORT;PT DAIMLER COMMERCIAL VEHICLES INDONESIA;MERSEDES-BENZ CV;Axor 2528 R  5700 M-CAB (6X2) MT [E4];6373;MT;D;355;26500;14.573 - 1.000;11.00 - 20, Tube-type;285;5700;12000 x 2490 x 3100;2;6X2;FR;90;2;6;CBU;India;-;-;-;-;-;-
231;CBU IMPORT;PT DAIMLER COMMERCIAL VEHICLES INDONESIA;MERSEDES-BENZ CV;Axor 2528 R  5700 M-CAB (6X4) MT [E4];6373;MT;D;355;26500;14.573 - 1.000;11.00 - 20, Tube-type;285;5700;12000 x 2490 x 3100;2;6X4;FR;90;2;6;CBU;India;-;-;-;-;-;-
232;CBU IMPORT;PT DAIMLER COMMERCIAL VEHICLES INDONESIA;MERSEDES-BENZ CV;Axor 2528 R  5700 (6X4) MT [E4];6373;MT;D;355;26500;14.573 - 1.000;11.00 - 20, Tube-type;285;5700;12000 x 2490 x 3100;2;6X4;FR;90;2;6;CBU;India;-;4;-;-;-;-
233;CBU IMPORT;PT DAIMLER COMMERCIAL VEHICLES INDONESIA;MERSEDES-BENZ CV;OF 917 (4X2) 4250 MT [E4];3900;MT;D;200;10400;5.400 - 0.711;235/75 R 17.5;170;4250;7447 x 2199;-;4X2;FR;110;-;4;CBU;India;-;-;-;-;-;5
234;CBU IMPORT;PT DAIMLER COMMERCIAL VEHICLES INDONESIA;MERSEDES-BENZ CV;OF 917 MT (WB 5300);3900;MT;D;200;10400;5.400 - 0.711;235/75 R 17.5;170;5300;8606 x 2199;-;4X2;FR;110;-;4;CBU;India;-;-;-;-;-;-
235;CBU IMPORT;PT DAIMLER COMMERCIAL VEHICLES INDONESIA;MERSEDES-BENZ CV;OF 917 AT (WB 5300);3900;AT;D;200;10400;3.100 - 0.610;235/75 R 17.5;170;5300;8606 x 2199;-;4X2;FR;110;-;4;CBU;India;-;-;-;-;-;-
236;CBU IMPORT;PT DAIMLER COMMERCIAL VEHICLES INDONESIA;MERSEDES-BENZ CV;OF 917 (4X2) 5300 MT [E4];3900;MT;D;200;10400;5.400 - 0.711;235/75 R 17.5;170;5300;8606 x 2199;-;4X2;FR;110;-;4;CBU;India;-;-;-;-;25;10
237;CBU IMPORT;PT DAIMLER COMMERCIAL VEHICLES INDONESIA;MERSEDES-BENZ CV;OF 1623;6374;MT;D;380;16000;6.700 - 0.730;11.00 R 22.5;235;5950;11650 x 2480;-;4X2;FR;110;-;4;CBU;India;-;-;-;-;-;-
238;CBU IMPORT;PT DAIMLER COMMERCIAL VEHICLES INDONESIA;MERSEDES-BENZ CV;OF 1623 L [E4];6374;MT;D;380;16000;6.700 - 0.730;11.00 R 22.5;238;5950;11765 x 2500;-;4X2;FR;110;-;4;CBU;India;-;-;-;-;1;29
239;CBU IMPORT;PT DAIMLER COMMERCIAL VEHICLES INDONESIA;MERSEDES-BENZ CV;O 500 U 1626 AT [E5];7200;AT;D;210;16000;3.36 - 0.62;295 / 80 R 22.5;256;5950;11787 x 2464;-;4X2;RR;100;-;4;CBU;Brazil;-;-;-;-;-;-
240;CBU IMPORT;PT DAIMLER COMMERCIAL VEHICLES INDONESIA;MERSEDES-BENZ CV;O 500 U 1726;6374;AT;D;210;17000;3.36 - 0.62;295 / 80 R 22.5;260;5950;11786 x 2472;-;4X2;RR;60;-;4;CBU;Brazil;-;-;-;-;-;-
241;CBU IMPORT;PT DAIMLER COMMERCIAL VEHICLES INDONESIA;MERSEDES-BENZ CV;O 500 RSD 2445 MAXI (6X2) AT;12816;AT;D;300;24100;12.924 - 0.772;295 / 80 R 22.5;449;6300;13095 x 2500;-;6X2;RR;120;-;6;CBU;Brazil;-;-;-;-;5;-
242;CBU IMPORT;PT DAIMLER COMMERCIAL VEHICLES INDONESIA;MERSEDES-BENZ CV;O 500 RSD 2445 DD (6X2) AT;12816;AT;D;300;24100;12.924 - 0.772;295 / 80 R 22.5;449;6800;13225 x 2500;-;6X2;RR;120;-;6;CBU;Brazil;-;-;-;-;5;-
243;CBU IMPORT;PT MERSEDES-BENZ INDONESIA;MERSEDES-BENZ PC;A 200 Progressive ( W177);1332;AT;G;43;1885;7;225/45 R18;163;2729;4,419 x 1,992 x 1,440;5;4X2;FF;-;5;4;CBU;-;-;-;-;-;-;-
244;CBU IMPORT;PT MERSEDES-BENZ INDONESIA;MERSEDES-BENZ PC;AMG CLA 45 S (C118);0;-;-;0;-;-;-;-;-;-;5;4X2;FF;-;4;4;CBU;-;-;-;-;12;-;-
245;CBU IMPORT;PT MERSEDES-BENZ INDONESIA;MERSEDES-BENZ PC;Maybach S 580 (Z223)*;0;AT;G;0;-;-;-;-;-;-;4;4X4;4WD;-;4;4;CBU;-;-;-;1;1;-;-
246;CBU IMPORT;PT MERSEDES-BENZ INDONESIA;MERSEDES-BENZ PC;CLE 300;1999;AT;G;0;-;-;-;-;-;-;4;4X4;4WD;-;4;4;CBU;-;-;-;-;-;-;1
247;CBU IMPORT;PT MERSEDES-BENZ INDONESIA;MERSEDES-BENZ PC;AMG G 63;3982;AT;G;100;3200;9;-;585;2890;4,873 x 2,187 x 1,969;5;4X4;4WD;-;5;4;CBU;-;-;-;-;2;-;2
248;CBU IMPORT;PT MERSEDES-BENZ INDONESIA;MERSEDES-BENZ PC;G 500;2999;AT;G;100;3200;9;-;330;2890;4,825 x 1,973 x 1,913;5;4X4;4WD;-;5;4;CBU;-;-;-;-;1;-;6
249;CBU IMPORT;PT MERSEDES-BENZ INDONESIA;MERSEDES-BENZ PC;GLS 450 (X167)*;2999;AT;G;0;-;9;-;-;-;-;7;4X2;FR;-;5;4;CBU;-;-;-;-;-;-;-
250;CBU IMPORT;PT MERSEDES-BENZ INDONESIA;MERSEDES-BENZ PC;GLA 200 Progressive Line ( H247);1332;AT;G;0;-;7;-;-;-;-;4;4X2;FR;-;5;4;CBU;-;-;-;-;-;-;-
251;CBU IMPORT;PT MERSEDES-BENZ INDONESIA;MERSEDES-BENZ PC;GLB 200  ( X247);1332;AT;G;0;-;7;-;-;-;-;7;4X2;FR;-;5;4;CBU;-;7;5;-;-;-;12
252;CBU IMPORT;PT MERSEDES-BENZ INDONESIA;MERSEDES-BENZ PC;G 580 With EQ Technology;-;AT;BEV;0;-;-;-;-;-;-;5;4X4;4WD;-;5;4;CBU;-;-;-;-;-;-;5
253;CBU IMPORT;PT MERSEDES-BENZ INDONESIA;MERSEDES-BENZ PC;SPRINTER;2143;MT;G;0;5300;-;-;-;-;-;-;4X2;-;-;4;-;CBU;Spanyol;1;-;-;5;5;6
254;CBU IMPORT;PT. SAIC MOTOR INDONESIA;MORRIS GARAGE;ZS Excite;1498;AT;G;48;1258;-;205/60 R16;114;2585;4314 x 1809 x 1624;5;4X2;FF;4;5;4;CBU;Thailand;-;-;-;-;-;-
255;CBU IMPORT;PT. SAIC MOTOR INDONESIA;MORRIS GARAGE;ZS Ignite 1.5L CVT;1498;AT;G;48;1258;-;215/60 R16;114;2585;4323 x 1809 x 1653;5;4X2;FF;4;5;4;CBU;Thailand;4;-;-;-;-;-
256;CBU IMPORT;PT. SAIC MOTOR INDONESIA;MORRIS GARAGE;ZS Magnify 1.5L CVT;1498;AT;G;48;1258;-;215/55 R17;114;2585;4323 x 1809 x 1653;5;4X2;FF;4;5;4;CBU;Thailand;35;-;-;-;-;-
257;CBU IMPORT;PT. SAIC MOTOR INDONESIA;MORRIS GARAGE;New HS i-Smart Magnify;1490;AT;G;55;1510;-;235/50 R18;162;2720;4574 x 1876 x 1664;5;4X2;FF;7;5;4;CBU;Thailand;15;-;-;-;-;-
258;CBU IMPORT;PT. SAIC MOTOR INDONESIA;MORRIS GARAGE;5 GT Activate 1.5L;1498;CVT;G;45;1233;-;205/55 R16;114;2680;4675 x 1842 x 1473;5;4X2;FF;8;5;4;CBU;Thailand;-;-;-;-;-;-
259;CBU IMPORT;PT. SAIC MOTOR INDONESIA;MORRIS GARAGE;5 GT Ignite 1.5L;1498;CVT;G;45;1233;-;215/50 R17;114;2680;4675 x 1842 x 1473;5;4X2;FF;8;5;4;CBU;Thailand;-;-;-;-;-;-
260;CBU IMPORT;PT. SAIC MOTOR INDONESIA;MORRIS GARAGE;5 GT Magnify 1.5L;1498;CVT;G;45;1233;-;215/50 R17;114;2680;4675 x 1842 x 1480;5;4X2;FF;8;5;4;CBU;Thailand;-;1;-;-;-;-
261;CBU IMPORT;PT. SAIC MOTOR INDONESIA;MORRIS GARAGE;VS HEV Magnify;1498;AT;HYBRID;48;1450;-;215/55 R17;109;2585;4370 x 1809 x 1653;5;4X2;FR;-;5;4;CBU;Thailand;1;-;-;-;-;-
262;CBU IMPORT;PT. SAIC MOTOR INDONESIA;MORRIS GARAGE;Cyberster;0;AT;BEV;-;-;-;245/40 R20;543;2689;4533 x 1912 x 1328;-;4X4;AWD;-;2;4;CBU;China;12;-;-;-;-;-
263;CBU IMPORT;PT. SOKONINDO AUTOMOBILE;DFSK;GELORA C36 MINI BUS 1.5 (4X2) MT;1498;MT;G;55;-;-;185/80 R14;109;3050;4500 X 1680 X 2000;11;4X2;FR;-;4;4;CBU;China;-;-;-;-;-;-
264;CBU IMPORT;PT. SOKONINDO AUTOMOBILE;DFSK;GELORA EC35 BLIND VAN (4X2) AT;1498;AT;G;58;2035;-;225/60R17;150;2780;4680 X 1845 X 1715;7;4X2;FF;-;4;4;CBU;China;-;-;-;-;-;-
265;CBU IMPORT;PT. SOKONINDO AUTOMOBILE;DFSK;GELORA EC36 MINI BUS 1.5 (4X2) AT;1498;AT;G;58;2035;-;225/60R17;150;2780;4680 X 1845 X 1715;7;4X2;FF;-;4;4;CBU;China;-;-;-;-;-;-
266;CBU IMPORT;PT. NISSAN MOTOR INDONESIA;NISSAN;All New Serena Highway Star 2.0 AT;1998;AT;G;0;1965;-;-;-;-;-;-;4X2;-;-;5;4;CBU;Japan;-;-;-;-;-;-
267;CBU IMPORT;PT. NISSAN MOTOR INDONESIA;NISSAN;All New Serena Highway Star e0Power;1422;AT;G;60;1965;-;195/60/R16;147 / 5,600;2860;4,770 x 1,735 x 1,865;-;4X2;-;-;5;4;CBU;Japan;6;105;1;72;8;101
268;CBU IMPORT;PT. NISSAN MOTOR INDONESIA;NISSAN;Terra VL 2.5 AT 4x4;2488;AT;G;0;-;-;-;-;-;-;-;4X4;-;-;5;4;CBU;Thailand;10;5;3;6;2;2
269;CBU IMPORT;PT. NISSAN MOTOR INDONESIA;NISSAN;Livina VL;1498;AT;G;0;-;-;-;-;-;-;-;4X2;-;-;-;-;CBU;Thailand;6;21;28;27;15;16
270;CBU IMPORT;PT. NISSAN MOTOR INDONESIA;NISSAN;KICKS E0POWER;1200;AT;HYBRID;0;-;-;-;-;-;-;-;4X2;-;-;-;-;CBU;Thailand;3;1;13;-;1;1
271;CBU IMPORT;PT. NISSAN MOTOR INDONESIA;NISSAN;Leaf;0;AT;BEV;0;-;-;-;-;-;-;-;4X2;-;-;-;-;CBU;Japan;-;-;-;-;-;-
272;CBU IMPORT;PT. NISSAN MOTOR INDONESIA;NISSAN;Leaf;0;AT;BEV;0;-;-;-;-;-;-;-;4X2;-;-;-;-;CBU;Japan;-;-;-;-;-;-
273;CBU IMPORT;PT. NISSAN MOTOR INDONESIA;NISSAN;Magnite Premium Turbo CVT;999;AT;G;0;-;-;-;-;-;3.994 x 1,758 x 1.572;5;4X2;-;-;5;4;CBU;Thailand;12;19;39;53;31;1
274;CBU IMPORT;PT. NETA AUTO INDONESIA;NETA;NETA V EV;0;AT;BEV;0;1151;-;185/55R16;95;2420;4070x1690x1540;5;4X2;FF;1;5;4;CBU;China;-;-;-;-;-;-
275;CBU IMPORT;PT INDOMOBIL WAHANA TRADA;CITROEN;New E0C3 All Electric;1200;MT;BEV;30;1316;-;195/65 R15;-;2540;3981 X 1733 X  1586;5;4X2;FF;-;5;4;CBU;India;36;45;32;26;27;27
276;CBU IMPORT;PT INDOMOBIL WAHANA TRADA;CITROEN;New C3 Aircross SUV;1200;AT;G;45;1275;-;215/60 R17;-;2671;4323 X 1796 X 1669;5;4X2;-;-;5;4;CBU;India;;;;;;
277;CBU IMPORT;PT INDOMOBIL WAHANA TRADA;CITROEN;All New C3 Aircross SUV;1200;AT;G;45;1275;-;215/60 R17;-;2671;4323 X 1796 X 1669;5;4X2;-;-;5;4;CBU;India;65;70;36;35;40;45
278;CBU IMPORT;PT INDOMOBIL WAHANA TRADA;CITROEN;New Citroën C3;1200;AT;G;45;1275;-;215/60 R17;-;2671;4323 X 1796 X 1669;5;4X2;-;-;5;4;CBU;India;-;38;105;29;35;25
279;CBU IMPORT;PT. PLAZA AUTO MEGA;SUBARU;BRZ 2.4 MT (ZD8);2,387;AT;G;50;1670;;215/40 R18;237;2575;4,265 x 1,775 x 1,310;4;4X2;FR;;2;4;CBU;Japan;-;-;9;-;7;15
280;CBU IMPORT;PT. PLAZA AUTO MEGA;SUBARU;BRZ 2.4 AT (ZD8);2,387;AT;G;50;1700;;215/40 R18;237;2575;4,265 x 1,775 x 1,310;4;4X2;FR;;2;4;CBU;Japan;1;-;3;-;-;3
281;CBU IMPORT;PT. PLAZA AUTO MEGA;SUBARU;WRX SEDAN 2.4 MT (VB);2,387;MT;G;63;1556;;245/40 R18;275;2675;4,670 x 1,825 x 1,465;5;4X4;4WD;;4;4;CBU;Japan;-;-;-;-;-;-
282;CBU IMPORT;PT. PLAZA AUTO MEGA;SUBARU;WRX SEDAN 2.4 MT tS (VBH);2387;MT;G;63;-;-;245/35 R19;275;2675;4,670 x 1,825 x 1,465;5;4X4;4WD;-;4;4;CBU;Japan;-;-;-;-;13;1
283;CBU IMPORT;PT. PLAZA AUTO MEGA;SUBARU;WRX SEDAN 2.4 AT tS ES (VB);2,387;CVT;G;63;1625;;245/40 R18;275;2675;4,670 x 1,825 x 1,465;5;4X4;4WD;;4;4;CBU;Japan;-;-;-;1;-;8
284;CBU IMPORT;PT. PLAZA AUTO MEGA;SUBARU;Forester 2.0i-L (SK7);1,995;CVT;G;63;2223;;225/60 R17;154;2670;4,640 x 1,815 x 1,730;5;4X4;4WD;;4;4;CBU;Japan;-;2;-;-;-;-
285;CBU IMPORT;PT. PLAZA AUTO MEGA;SUBARU;Forester 2.0i-S ES (SK7);1,995;CVT;G;63;2223;;225/55 R18;154;2670;4,640 x 1,815 x 1,730;5;4X4;4WD;;4;4;CBU;Japan;-;-;20;-;-;-
286;CBU IMPORT;PT. PLAZA AUTO MEGA;SUBARU;Crosstrek 2.0i-S ES (GU7);1,995;CVT;G;63;1895;;225/55 R18;154;2670;4,495 x 1,800 x 1,600;5;4X4;4WD;;4;4;CBU;Japan;-;2;30;-;6;6
287;CBU IMPORT;PT. PLAZA AUTO MEGA;SUBARU;Crosstrek 2.0i-L ES (GU7);1,995;CVT;G;63;1895;;225/60R17;154;2670;4,495 x 1,800 x 1,600;5;4X4;4WD;;4;4;CBU;Japan;-;-;-;-;-;-
288;CBU IMPORT;PT. PLAZA AUTO MEGA;SUBARU;Outback 2.5i-T ES (BT9);2,498;CVT;G;63;2200;-;225/60 R18;188;2745;4,870 x 1,875 x 1,675;5;4X4;4WD;-;4;4;CBU;Japan;1;-;12;-;6;10
289;CBU IMPORT;PT. PLAZA AUTO MEGA;SUBARU;WRX WAGON 2.4 GT-S ES (VNH);2,387;CVT;G;63;1647;;225/45 R18;275;2670;4,755 x 1,795 x 1,500;5;4X4;4WD;;4;4;CBU;Japan;-;-;-;-;-;-
290;CBU IMPORT;PT. PLAZA AUTO MEGA;SUBARU;WRX WAGON 2.4 tS ES (VNH);2,387;CVT;G;63;1653;;225/45 R18;275;2670;4,755 x 1,795 x 1,500;5;4X4;4WD;;4;4;CBU;Japan;-;-;-;2;-;4
291;CBU IMPORT;PT INCHAPE INDOMOBIL ENERGI BARU;GWM;HAVAL H6 HEV 1.5T DHT (4x2) AT;1499;AT;HYBRID;61;2140;3950;225/55 R19;243/240;3;4,683 x 1,886 x 1,730;5;4X2;FF;200;5;4;CBU;Thailand;-;-;-;-;-;-
292;CBU IMPORT;PT INCHAPE INDOMOBIL ENERGI BARU;GWM;HAVAL JOLION HEV 1.5T DHT (4x2) AT;1497;AT;HYBRID;55;-;-;225/55 R18;190/187;2700;4,472 X 1,841 X 1,619;5;4X2;FF;200;5;4;CKD;Indonesia;-;-;-;-;-;-
293;CBU IMPORT;PT INCHAPE INDOMOBIL ENERGI BARU;GWM;GWM TANK 500-HEV 2.0T (4X4) AT;1998;AT;HYBRID;75;3;3900;265/50R20;180;2850;5,078 x 1,934 x 1,905;7;4X4;4WD;240;5;4;CBU;Thailand;-;164;-;-;-;-
294;CBU IMPORT;PT INCHAPE INDOMOBIL ENERGI BARU;GWM;GWM TANK 300-HEV 2.0T (4X4) AT;1998;AT;HYBRID;75;2830;3460;265/65 R17;180;2750;4,760 x 1,930 x 1,903;7;4X4;4WD;240;5;4;CBU;Thailand;-;-;-;-;60;-
295;CBU IMPORT;PT INCHAPE INDOMOBIL ENERGI BARU;GWM;ORA 03 400 PRO (4X2) AT;0;AT;BEV;0;-;-;215/50 R18;143/141;2650;4,235 x 1,825 x 1,596;5;4X2;FF;152;5;4;CBU;China;-;-;-;-;-;10
296;CBU IMPORT;PT INCHAPE INDOMOBIL ENERGI BARU;GWM;ORA 07 PERFORMANCE AWD;0;AT;BEV;0;-;-;235/45 R19;408/402;2870;4,871 x 1,862 x 1,500;5;4X4;-;180;5;4;CBU;China;-;-;-;-;-;20
298;CBU IMPORT;PT LEADING VISION OTOMOTIF;VOLVO;XC40 Plugin Hybrid;1477;AT;PHEV;48;2650;-;"235/50 R19; 255/45 R19";-;2702;4440X1863X1652;5;4X2;FF;185;5;4;CBU;Malaysia;-;4;-;-;-;-
299;CBU IMPORT;PT LEADING VISION OTOMOTIF;VOLVO;XC60 Plugin Hybrid;1969;AT;PHEV;71;2660;-;235/55 R19;-;2865;4708X1902X1653;5;4X2;AWD;185;5;4;CBU;Malaysia;-;-;12;-;8;-
300;CBU IMPORT;PT LEADING VISION OTOMOTIF;VOLVO;XC90 Plugin Hybrid;1969;AT;PHEV;71;2948;-;275/45 R20;-;2985;4953X2008X1771;7;4X2;AWD;185;5;4;CBU;Malaysia;-;-;-;-;-;-
301;CBU IMPORT;PT LEADING VISION OTOMOTIF;VOLVO;C40 Electric Vehicles;0;AT;BEV;0;2619;-;"235/50 R19; 255/45 R19";-;2702;4440X1873X1591;5;4X4;AWD;185;5;4;CBU;Malaysia;-;4;-;-;-;-
302;CBU IMPORT;PT LEADING VISION OTOMOTIF;VOLVO;EC40 Electric Vehicles;0;AT;BEV;0;2619;-;"235/50 R19; 255/45 R19";408;2702;4440X1873X1591;5;4X4;AWD;185;5;4;CBU;Malaysia;-;-;-;-;-;-
303;CBU IMPORT;PT LEADING VISION OTOMOTIF;VOLVO;XC40 Electrical Vehicles;0;AT;BEV;0;2650;-;"235/50 R19; 255/45 R19";-;2702;4440X1873X1652;5;4X4;AWD;185;5;4;CBU;Malaysia;-;4;-;-;-;-
304;CBU IMPORT;PT LEADING VISION OTOMOTIF;VOLVO;EX40 Electric Vehicles;0;AT;BEV;0;2650;-;"235/50 R19; 255/45 R19";408;2702;4440X1873X1652;5;4X4;AWD;185;5;4;CBU;Malaysia;-;-;5;-;-;-
305;CBU IMPORT;PT LEADING VISION OTOMOTIF;VOLVO;EX30 Ultra Electric Vehicles;0;AT;BEV;0;2216;-;245/45 R19;-;2650;4233X1838X1550;5;4X4;FR;185;5;4;CBU;China;-;-;12;-;-;-
306;CBU IMPORT;PT LEADING VISION OTOMOTIF;VOLVO;EX30 Plus Electric Vehicles;0;AT;BEV;0;2216;-;225/55 R18;-;2650;4233X1838X1550;5;4X2;FR;185;5;4;CBU;China;;;;;;
307;CBU IMPORT;PT BYD MOTOR INDONESIA;BYD;Seal Dynamic;0;-;BEV;0;2;-;"18""Alloy 225/50 R18";-;2920;4800X1875X1460;5;4X2;FF;-;5;4;CBU;China;-;-;-;-;-;-
308;CBU IMPORT;PT BYD MOTOR INDONESIA;BYD;Seal Premium Extended Range;0;-;BEV;0;2;-;"19""Alloy 235/45 R19";-;2920;4800X1875X1460;5;4X2;FF;-;5;4;CBU;China;-;-;-;24;-;-
309;CBU IMPORT;PT BYD MOTOR INDONESIA;BYD;Seal Performance;0;-;BEV;0;2;-;"19""Alloy 235/45 R19";-;2920;4800X1875X1460;5;4X4;AWD;-;5;4;CBU;China;-;-;-;50;-;-
310;CBU IMPORT;PT BYD MOTOR INDONESIA;BYD;Atto 3 Advanced Standard Range;0;-;BEV;0;2;-;"17""Alloy 215/60 R17";-;2720;4455X1875X1615;5;4X2;FF;-;5;4;CBU;China;-;-;-;37;37;-
311;CBU IMPORT;PT BYD MOTOR INDONESIA;BYD;Atto 3 Superior Extended Range;0;-;BEV;0;1,75;-;"18""Alloy 235/50 R18";-;2720;4455X1875X1615;5;4X2;FF;-;5;4;CBU;China;-;-;-;37;63;-
312;CBU IMPORT;PT BYD MOTOR INDONESIA;BYD;Dolphin Dynamic Standard Range;0;-;BEV;0;2;-;"16""Alloy 195/60 R16";-;2700;4290X1770X1570;5;4X2;FF;-;5;4;CBU;China;-;84;50;16;-;24
313;CBU IMPORT;PT BYD MOTOR INDONESIA;BYD;Dolphin Premium Standard Range;0;-;BEV;0;2;-;"17""Alloy 205/50 R17";-;2700;4290X1770X1570;5;4X2;FF;-;5;4;CBU;China;-;66;50;60;100;-
314;CBU IMPORT;PT BYD MOTOR INDONESIA;BYD;M6 Superior Captain;0;-;BEV;0;2;-;"17""Alloy 225/55 R17";-;2800;4710X1810X1690;6;4X2;FF;-;5;4;CBU;China;673;313;471;153;568;693
315;CBU IMPORT;PT BYD MOTOR INDONESIA;BYD;M6 Superior;0;-;BEV;0;2;-;"17""Alloy 225/55 R17";-;2800;4710X1810X1690;7;4X2;FF;-;5;4;CBU;China;315;253;385;99;479;497
316;CBU IMPORT;PT BYD MOTOR INDONESIA;BYD;M6 Standard;0;-;BEV;0;2;-;"17""Alloy 225/55 R17";-;2800;4710X1810X1690;7;4X2;FF;-;5;4;CBU;China;752;592;408;26;225;341
317;CBU IMPORT;PT BYD MOTOR INDONESIA;BYD;E6 GS-20;0;-;BEV;0;2;-;"17""Alloy 225/55 R17";-;2800;4710X1810X1690;7;4X2;FF;-;5;4;CBU;China;-;-;-;-;100;-
318;CBU IMPORT;PT BYD MOTOR INDONESIA;BYD;Sealion 7 Premium;0;-;BEV;0;2225;-;"19""Alloy 255/45 R19";-;2930;4830X1925X1620;5;4X2;RR;-;5;4;CBU;China;-;820;803;1377;296;808
319;CBU IMPORT;PT BYD MOTOR INDONESIA;BYD;Sealion 7 Performance;0;-;BEV;0;2340;-;"20""Alloy 245/45 R20";-;2930;4830X1925X1620;5;4X4;AWD;-;5;4;CBU;China;-;480;240;280;204;211
320;CBU IMPORT;PT BYD MOTOR INDONESIA;DENZA;D9 Advanced;0;-;BEV;0;3338;-;235/60 R18;-;3110;5250X1960X1920;7;4X2;FF;-;5;4;CBU;China;566;1252;891;700;991;1410
322;CBU IMPORT;PT. DAS Motor Indonesia;BAIC;BJ-40 PLUS;1992;AT;G;75;2080;-;245/70R17;221;2745;4645 X 1925 X 1871;5;4X4;4WD;8;5;4;CBU;China;-;22;-;69;-;-
323;CBU IMPORT;PT. DAS Motor Indonesia;BAIC;X-55 II;1498;AT;G;53;1550;-;225/55R19;185;2735;4620 x 1886 x 1680;5;4X2;FR;7;5;4;CBU;China;-;-;-;-;-;-
324;CBU IMPORT;PT. DAS Motor Indonesia;BAIC;X-55 Prime;1498;AT;G;53;1550;-;225/55R19;185;2735;4620 x 1886 x 1680;5;4X2;FR;7;5;4;CBU;China;-;-;-;4;56;-
325;CBU IMPORT;PT. DAS Motor Indonesia;BAIC;X-55 II Lite;1498;AT;G;53;1550;-;225/55R19;185;2735;4620 x 1886 x 1680;5;4X2;FR;7;5;4;CBU;China;-;-;-;2;24;-
326;CBU IMPORT;PT. DAS Motor Indonesia;BAIC;BJ-80;2997;AT;G;88;2285;-;275/50R20;240;2800;4765 X 1955 X 1985;5;4X4;4WD;8;5;4;CBU;China;-;-;-;-;-;-
327;CBU IMPORT;PT MITRA BISNIS (MRA);FORD;Everest Titanium 2.0L (4x4) AT;1996;AT;D;80;3240;4;255/55 R20;210;2900;4914X2207X1841;7;4X4;4WD;10;5;4;CBU;Thailand;8;1;-;47;20;82
328;CBU IMPORT;PT MITRA BISNIS (MRA);FORD;Everest XLT 2.0L (4x4) AT;1996;AT;D;80;3240;4;255/65/ R18;210;2900;4914X2207X1841;7;4X4;4WD;10;5;4;CBU;Thailand;-;4;-;8;-;6
329;CBU IMPORT;PT MITRA BISNIS (MRA);FORD;Everest Sport 2.0L (4x2) AT;1996;AT;D;80;3000;4;255/55 R20;170 PS;2900;4914X2207X1841;7;4X2;2WD;6;5;4;CBU;Thailand;-;-;6;16;9;21
330;CBU IMPORT;PT MITRA BISNIS (MRA);FORD;Ranger DC Wildtrak 2.0L (4x4) AT;1996;AT;D;80;3230;4;255/55 R20;210;3270;5370X2208X1884;5;4X4;4WD;10;4;4;CBU;Thailand;-;5;6;2;-;16
331;CBU IMPORT;PT MITRA BISNIS (MRA);FORD;Ranger DC XLT 2.0L (4x4) AT;1996;AT;D;80;3230;4;255/70 R17;210;3270;5370X2208X1884;5;4X4;4WD;10;4;4;CBU;Thailand;-;4;7;27;-;3
332;CBU IMPORT;PT MITRA BISNIS (MRA);FORD;Ranger DC Base 2.0L (4x4) MT;1996;MT;D;80;3230;4;255/70R16;170;3230;5370X2208X1884;5;4X4;4WD;6;4;4;CBU;Thailand;-;-;-;-;-;-
333;CBU IMPORT;PT MITRA BISNIS (MRA);FORD;Ranger DC Raptor 2.0L (4x4) AT;1996;AT;D;80;3140;4;285/70R17;210;3270;5381 X2208 X1922;5;4X4;4WD;10;4;4;CBU;Thailand;16;6;9;5;-;15
334;CBU IMPORT;PT MITRA BISNIS (MRA);FORD;Ranger DC Raptor 3.0L (4x4) AT;2956;AT;G;80;3140;4;285/70R17;397 PS;3270;5381 X2208 X1922;5;4X4;4WD;10;4;4;CBU;Thailand;-;11;5;10;9;-
335;CBU IMPORT;PT MITRA BISNIS (MRA);FORD;Ranger DC XL 2.0L (4x4) MT;1996;MT;D;80;3230;4;255/70R16;170 PS;3230;5370X2208X1884;5;4X4;4WD;6;4;4;CBU;Thailand;10;6;4;-;-;20
336;CBU IMPORT;PT. AION INDOMOBIL DISTRIBUTION INDONESIA;AION;HYPTEC HT Premium;0;AT;BEV;0;-;-;240/50020;250 kw;2935;4935 x 1920 x 1700;5;4X2;-;-;-;-;CBU;China;-;79;886;276;195;56
337;CBU IMPORT;PT. AION INDOMOBIL DISTRIBUTION INDONESIA;AION;AION Y Plus Exclusive;0;AT;BEV;0;-;-;215/50018;150 kw;2750;4535 x 1870 x 1650;5;4X2;-;-;-;-;CBU;China;66;57;66;75;65;25
338;CBU IMPORT;PT. AION INDOMOBIL DISTRIBUTION INDONESIA;AION;AION Y Plus Premium;0;AT;BEV;0;-;-;215/50018;150 kw;2750;4535 x 1870 x 1650;5;4X2;-;-;-;-;CBU;China;17;23;7;11;22;14
339;CBU IMPORT;PT. AION INDOMOBIL DISTRIBUTION INDONESIA;AION;AION V Exclusive;0;AT;BEV;0;-;-;225/45019;150 kw;2775;4605 x 1854 x 1686;5;4X2;-;-;-;-;CBU;China;-;-;-;-;-;-
340;CBU IMPORT;PT. AION INDOMOBIL DISTRIBUTION INDONESIA;AION;AION V Luxury;0;AT;BEV;0;-;-;225/45019;150 kw;2775;4605 x 1854 x 1686;5;4X2;-;-;-;-;CBU;China;-;-;-;-;-;765
341;CBU IMPORT;PT ERA INOVASI OTOMOTIF (EIO);XPENG;G6 Air CKD (4x2) AT;0;AT;BEV;0;-;-;-;-;2890;4753 x 1920 x 1650;5;4X2;RR;-;5;4;CBU;;-;-;-;-;-;-
342;CBU IMPORT;PT ERA INOVASI OTOMOTIF (EIO);XPENG;X9 Standard Range Pro (4x2) AT;0;AT;BEV;0;-;-;-;-;3160;5293 x 1988 x 1785;7;4X2;FR;-;5;4;CBU;China;-;-;-;-;-;-
343;CBU IMPORT;PT ERA INOVASI OTOMOTIF (EIO);XPENG;X9 Long Range Pro (4x2) AT;0;AT;BEV;0;-;-;-;-;3160;5293 x 1988 x 1785;7;4X2;FR;-;5;4;CBU;China;-;-;-;-;-;15
344;CBU IMPORT;PT ERA INOVASI OTOMOTIF (EIO);XPENG;X9 Long Range Pro+ (4x2) AT;0;AT;BEV;0;-;-;-;-;3160;5293 x 1988 x 1785;7;4X2;FR;-;5;4;CBU;China;-;-;-;-;-;30
345;CBU IMPORT;PT ERA INOVASI OTOMOTIF (EIO);XPENG;G6 Standard Range (4x2) AT;0;AT;BEV;0;-;-;-;-;2890;4753 x 1920 x 1650;5;4X2;RR;-;5;4;CBU;;-;-;-;-;-;90
346;CBU IMPORT;PT. GEELY AUTO INDONESIA;GEELY;EX5 PRO;0;AT;BEV;0;-;-;225/55 R18;218;2750;4615 × 1901 × 1670;5;4X2;FF;-;5;4;CBU;China;-;-;-;-;-;
347;CBU IMPORT;PT. GEELY AUTO INDONESIA;GEELY;EX5 MAX;0;AT;BEV;0;-;-;225/55 R18;218;2750;4615 × 1901 × 1670;5;4X2;FF;-;5;4;CBU;China;100;100;750;850;-;
348;COMPONENT PARTS IMPORT;PT. HONDA PROSPECT MOTOR;HONDA;BRIO;-;-;G;-;-;-;-;-;-;-;-;4X2;FF;-;5;4;Component;India;290100;247520;251820;158430;33750;192120
349;COMPONENT PARTS IMPORT;PT. HONDA PROSPECT MOTOR;HONDA;BRIO;-;-;G;-;-;-;-;-;-;-;-;4X2;FF;-;5;4;Component;Japan;2489790;1531262;1994726;1133070;-;961920
350;COMPONENT PARTS IMPORT;PT. HONDA PROSPECT MOTOR;HONDA;BRIO;-;-;G;-;-;-;-;-;-;-;-;4X2;FF;-;5;4;Component;Philippine;6600;2702;-;3300;2100;4800
351;COMPONENT PARTS IMPORT;PT. HONDA PROSPECT MOTOR;HONDA;BRIO;-;-;G;-;-;-;-;-;-;-;-;4X2;FF;-;5;4;Component;Thailand;1073820;815280;758550;629160;19080;530580
352;COMPONENT PARTS IMPORT;PT. HONDA PROSPECT MOTOR;HONDA;BR-V;-;-;G;-;-;-;-;-;-;-;-;4X2;FF;-;5;4;Component;India;107784;142260;114420;61590;85291;35080
353;COMPONENT PARTS IMPORT;PT. HONDA PROSPECT MOTOR;HONDA;BR-V;-;-;G;-;-;-;-;-;-;-;-;4X2;FF;-;5;4;Component;Japan;1376310;4601850;3026430;2343630;1441351;2833470
354;COMPONENT PARTS IMPORT;PT. HONDA PROSPECT MOTOR;HONDA;BR-V;-;-;G;-;-;-;-;-;-;-;-;4X2;FF;-;5;4;Component;Malaysia;-;-;-;1530;5250;3120
355;COMPONENT PARTS IMPORT;PT. HONDA PROSPECT MOTOR;HONDA;BR-V;-;-;G;-;-;-;-;-;-;-;-;4X2;FF;-;5;4;Component;Thailand;272580;212220;337440;245430;203640;234030
356;COMPONENT PARTS IMPORT;PT. HONDA PROSPECT MOTOR;HONDA;HR-V;-;-;G;-;-;-;-;-;-;-;-;4X2;FF;-;5;4;Component;India;1170;-;-;5730;19020;-
357;COMPONENT PARTS IMPORT;PT. HONDA PROSPECT MOTOR;HONDA;HR-V;-;-;G;-;-;-;-;-;-;-;-;4X2;FF;-;5;4;Component;Japan;-;-;-;1139130;2731710;1957800
358;COMPONENT PARTS IMPORT;PT. HONDA PROSPECT MOTOR;HONDA;HR-V;-;-;G;-;-;-;-;-;-;-;-;4X2;FF;-;5;4;Component;Thailand;34200;-;-;176160;391890;601260
359;COMPONENT PARTS IMPORT;PT. HONDA PROSPECT MOTOR;HONDA;WR-V;-;-;G;-;-;-;-;-;-;-;-;4X2;FF;-;5;4;Component;India;67110;-;110640;153360;30600;67230
360;COMPONENT PARTS IMPORT;PT. HONDA PROSPECT MOTOR;HONDA;WR-V;-;-;G;-;-;-;-;-;-;-;-;4X2;FF;-;5;4;Component;Japan;1773600;-;-;1662960;-;950400
361;COMPONENT PARTS IMPORT;PT. HONDA PROSPECT MOTOR;HONDA;WR-V;-;-;G;-;-;-;-;-;-;-;-;4X2;FF;-;5;4;Component;Malaysia;2010;8340;8490;2730;2370;-
362;COMPONENT PARTS IMPORT;PT. HONDA PROSPECT MOTOR;HONDA;WR-V;-;-;G;-;-;-;-;-;-;-;-;4X2;FF;-;5;4;Component;Thailand;82650;112320;83970;149940;3510;39780
363;COMPONENT PARTS IMPORT;PT. HONDA PROSPECT MOTOR;HONDA;CITY;-;-;G;-;-;-;-;-;-;-;-;4X2;FF;-;5;-;Component;Japan;-;442380;-;-;-;-
364;COMPONENT PARTS IMPORT;PT. HONDA PROSPECT MOTOR;HONDA;CITY;-;-;G;-;-;-;-;-;-;-;-;4X2;FF;-;5;-;Component;Malaysia;5340;-;-;-;-;-
365;COMPONENT PARTS IMPORT;PT. HONDA PROSPECT MOTOR;HONDA;CITY;-;-;G;-;-;-;-;-;-;-;-;4X2;FF;-;5;-;Component;Philippine;4204;-;-;-;-;-
366;COMPONENT PARTS IMPORT;PT. HONDA PROSPECT MOTOR;HONDA;CITY;-;-;G;-;-;-;-;-;-;-;-;4X2;FF;-;5;-;Component;Thailand;89340;59520;-;-;-;-
367;COMPONENT PARTS IMPORT;PT. HONDA PROSPECT MOTOR;HONDA;PARTS;-;-;G;-;-;-;-;-;-;-;-;4X2;FF;-;5;-;Component;America;-;-;75900;9835;-;15808
368;COMPONENT PARTS IMPORT;PT. HONDA PROSPECT MOTOR;HONDA;PARTS;-;-;G;-;-;-;-;-;-;-;-;4X2;FF;-;5;-;Component;India;7443;9990;9900;23653;17411;46643
369;COMPONENT PARTS IMPORT;PT. HONDA PROSPECT MOTOR;HONDA;PARTS;-;-;G;-;-;-;-;-;-;-;-;4X2;FF;-;5;-;Component;Japan;1582053;232897;1003917;2031792;149550;812288
370;COMPONENT PARTS IMPORT;PT. HONDA PROSPECT MOTOR;HONDA;PARTS;-;-;G;-;-;-;-;-;-;-;-;4X2;FF;-;5;-;Component;Thailand;23132;8378;14541;46614;16611;18614
371;COMPONENT PARTS IMPORT;PT. SOKONINDO AUTOMOBILE;DFSK;Supercab 1.3L D T 4X2 MT;1248;MT;D;55;2655;-;195R14C-8PR;74;2750;4280 X 1810 X 1890;3;4X2;FR;-;2;4;Component;-;-;-;;;;
372;COMPONENT PARTS IMPORT;PT. SOKONINDO AUTOMOBILE;DFSK;Supercab1.5L 4X2 MT;1498;MT;G;55;2460;-;185R14C-8PR;102;2750;4440 X 1810 X 1890;3;4X2;FR;-;2;4;Component;-;-;-;;;;
